<?xml version="1.0" encoding="UTF-8"?>
<export version="D">
  <design>
    <source>D:\MAG+ SUCHAI 2 y 3\A\Hardware\PC104\MAG_Plus\MAG_Plus.sch</source>
    <date>12/08/2021 09:51:23</date>
    <tool>Eeschema (5.1.2)-2</tool>
    <sheet number="1" name="/" tstamps="/">
      <title_block>
        <title/>
        <company/>
        <rev/>
        <date/>
        <source>MAG_Plus.sch</source>
        <comment number="1" value=""/>
        <comment number="2" value=""/>
        <comment number="3" value=""/>
        <comment number="4" value=""/>
      </title_block>
    </sheet>
    <sheet number="2" name="/AOA/" tstamps="/610A9A94/">
      <title_block>
        <title/>
        <company/>
        <rev/>
        <date/>
        <source>AOA.sch</source>
        <comment number="1" value=""/>
        <comment number="2" value=""/>
        <comment number="3" value=""/>
        <comment number="4" value=""/>
      </title_block>
    </sheet>
    <sheet number="3" name="/FEMTO/" tstamps="/610C3105/">
      <title_block>
        <title/>
        <company/>
        <rev/>
        <date/>
        <source>FEMTO.sch</source>
        <comment number="1" value=""/>
        <comment number="2" value=""/>
        <comment number="3" value=""/>
        <comment number="4" value=""/>
      </title_block>
    </sheet>
    <sheet number="4" name="/MAG/" tstamps="/61194465/">
      <title_block>
        <title/>
        <company/>
        <rev/>
        <date/>
        <source>MAG.sch</source>
        <comment number="1" value=""/>
        <comment number="2" value=""/>
        <comment number="3" value=""/>
        <comment number="4" value=""/>
      </title_block>
    </sheet>
  </design>
  <components>
    <comp ref="U1">
      <value>Payload</value>
      <footprint>Payload:PC104-Standard</footprint>
      <libsource lib="Payload" part="Payload" description=""/>
      <sheetpath names="/" tstamps="/"/>
      <tstamp>61096696</tstamp>
    </comp>
    <comp ref="JP3">
      <value>Jumper_2_Open</value>
      <footprint>Jumper:SolderJumper-2_P1.3mm_Open_TrianglePad1.0x1.5mm</footprint>
      <datasheet>~</datasheet>
      <libsource lib="Jumper" part="Jumper_2_Open" description="Jumper, 2-pole, open"/>
      <sheetpath names="/" tstamps="/"/>
      <tstamp>610B131F</tstamp>
    </comp>
    <comp ref="JP2">
      <value>Jumper_2_Open</value>
      <footprint>Jumper:SolderJumper-2_P1.3mm_Open_TrianglePad1.0x1.5mm</footprint>
      <datasheet>~</datasheet>
      <libsource lib="Jumper" part="Jumper_2_Open" description="Jumper, 2-pole, open"/>
      <sheetpath names="/" tstamps="/"/>
      <tstamp>610B2F0D</tstamp>
    </comp>
    <comp ref="JP1">
      <value>Jumper_2_Open</value>
      <footprint>Jumper:SolderJumper-2_P1.3mm_Open_TrianglePad1.0x1.5mm</footprint>
      <datasheet>~</datasheet>
      <libsource lib="Jumper" part="Jumper_2_Open" description="Jumper, 2-pole, open"/>
      <sheetpath names="/" tstamps="/"/>
      <tstamp>610B32C0</tstamp>
    </comp>
    <comp ref="JP7">
      <value>Jumper_2_Open</value>
      <footprint>Jumper:SolderJumper-2_P1.3mm_Open_TrianglePad1.0x1.5mm</footprint>
      <datasheet>~</datasheet>
      <libsource lib="Jumper" part="Jumper_2_Open" description="Jumper, 2-pole, open"/>
      <sheetpath names="/" tstamps="/"/>
      <tstamp>610B3520</tstamp>
    </comp>
    <comp ref="JP6">
      <value>Jumper_2_Open</value>
      <footprint>Jumper:SolderJumper-2_P1.3mm_Open_TrianglePad1.0x1.5mm</footprint>
      <datasheet>~</datasheet>
      <libsource lib="Jumper" part="Jumper_2_Open" description="Jumper, 2-pole, open"/>
      <sheetpath names="/" tstamps="/"/>
      <tstamp>610B3AFB</tstamp>
    </comp>
    <comp ref="JP5">
      <value>Jumper_2_Open</value>
      <footprint>Jumper:SolderJumper-2_P1.3mm_Open_TrianglePad1.0x1.5mm</footprint>
      <datasheet>~</datasheet>
      <libsource lib="Jumper" part="Jumper_2_Open" description="Jumper, 2-pole, open"/>
      <sheetpath names="/" tstamps="/"/>
      <tstamp>610B40DC</tstamp>
    </comp>
    <comp ref="JP4">
      <value>Jumper_3_Open</value>
      <footprint>Jumper:SolderJumper-3_P2.0mm_Open_TrianglePad1.0x1.5mm_NumberLabels</footprint>
      <datasheet>~</datasheet>
      <libsource lib="Jumper" part="Jumper_3_Open" description="Jumper, 3-pole, both open"/>
      <sheetpath names="/" tstamps="/"/>
      <tstamp>610C092E</tstamp>
    </comp>
    <comp ref="J1">
      <value>RPi_GPIO</value>
      <footprint>Pin_Headers:Pin_Header_Straight_2x20_Pitch2.54mm</footprint>
      <libsource lib="Connector-ML" part="RPi_GPIO" description="Raspberry Pi Hat GPIO"/>
      <sheetpath names="/" tstamps="/"/>
      <tstamp>610EC8BB</tstamp>
    </comp>
    <comp ref="R1">
      <value>R</value>
      <footprint>Resistors_SMD:R_0402</footprint>
      <datasheet>~</datasheet>
      <libsource lib="Device" part="R" description="Resistor"/>
      <sheetpath names="/" tstamps="/"/>
      <tstamp>610A0D3E</tstamp>
    </comp>
    <comp ref="R2">
      <value>R</value>
      <footprint>Resistors_SMD:R_0402</footprint>
      <datasheet>~</datasheet>
      <libsource lib="Device" part="R" description="Resistor"/>
      <sheetpath names="/" tstamps="/"/>
      <tstamp>610A316D</tstamp>
    </comp>
    <comp ref="U2">
      <value>ISO1540</value>
      <footprint>Housings_SOIC:SOIC-8_3.9x4.9mm_Pitch1.27mm</footprint>
      <datasheet>http://www.ti.com/lit/ds/symlink/iso1541.pdf</datasheet>
      <libsource lib="Isolator" part="ISO1540" description="I2C Isolator, 2.5 kVrms, Bidirectional clock and data, SOIC-8"/>
      <sheetpath names="/" tstamps="/"/>
      <tstamp>610AC6FD</tstamp>
    </comp>
    <comp ref="R3">
      <value>R</value>
      <footprint>Resistors_SMD:R_0402</footprint>
      <datasheet>~</datasheet>
      <libsource lib="Device" part="R" description="Resistor"/>
      <sheetpath names="/" tstamps="/"/>
      <tstamp>610C0017</tstamp>
    </comp>
    <comp ref="R4">
      <value>R</value>
      <footprint>Resistors_SMD:R_0402</footprint>
      <datasheet>~</datasheet>
      <libsource lib="Device" part="R" description="Resistor"/>
      <sheetpath names="/" tstamps="/"/>
      <tstamp>610C001F</tstamp>
    </comp>
    <comp ref="R5">
      <value>R</value>
      <footprint>Resistors_SMD:R_0402</footprint>
      <datasheet>~</datasheet>
      <libsource lib="Device" part="R" description="Resistor"/>
      <sheetpath names="/" tstamps="/"/>
      <tstamp>610C09B3</tstamp>
    </comp>
    <comp ref="R6">
      <value>R</value>
      <footprint>Resistors_SMD:R_0402</footprint>
      <datasheet>~</datasheet>
      <libsource lib="Device" part="R" description="Resistor"/>
      <sheetpath names="/" tstamps="/"/>
      <tstamp>610C09BB</tstamp>
    </comp>
    <comp ref="C1">
      <value>C</value>
      <footprint>Capacitors_SMD:C_0402</footprint>
      <datasheet>~</datasheet>
      <libsource lib="Device" part="C" description="Unpolarized capacitor"/>
      <sheetpath names="/" tstamps="/"/>
      <tstamp>610CBC31</tstamp>
    </comp>
    <comp ref="C2">
      <value>C</value>
      <footprint>Capacitors_SMD:C_0402</footprint>
      <datasheet>~</datasheet>
      <libsource lib="Device" part="C" description="Unpolarized capacitor"/>
      <sheetpath names="/" tstamps="/"/>
      <tstamp>610CED08</tstamp>
    </comp>
    <comp ref="C3">
      <value>C</value>
      <footprint>Capacitors_SMD:C_0402</footprint>
      <datasheet>~</datasheet>
      <libsource lib="Device" part="C" description="Unpolarized capacitor"/>
      <sheetpath names="/" tstamps="/"/>
      <tstamp>610D287C</tstamp>
    </comp>
    <comp ref="C5">
      <value>C</value>
      <footprint>Capacitors_SMD:C_0402</footprint>
      <datasheet>~</datasheet>
      <libsource lib="Device" part="C" description="Unpolarized capacitor"/>
      <sheetpath names="/" tstamps="/"/>
      <tstamp>6115CA12</tstamp>
    </comp>
    <comp ref="C6">
      <value>C</value>
      <footprint>Capacitors_SMD:C_0402</footprint>
      <datasheet>~</datasheet>
      <libsource lib="Device" part="C" description="Unpolarized capacitor"/>
      <sheetpath names="/" tstamps="/"/>
      <tstamp>6115CA18</tstamp>
    </comp>
    <comp ref="U12">
      <value>PIC16F1847-I_SO</value>
      <footprint>Housings_SOIC:SOIC-18W_7.5x11.6mm_Pitch1.27mm</footprint>
      <fields>
        <field name="MPN">PIC16F1847-I/SO</field>
        <field name="OC_FARNELL">1971870</field>
        <field name="OC_NEWARK">23T3107</field>
        <field name="PACKAGE">SOIC-18</field>
        <field name="SUPPLIER">Microchip</field>
      </fields>
      <libsource lib="PIC16F1847-I_SO" part="PIC16F1847-I_SO" description=""/>
      <sheetpath names="/" tstamps="/"/>
      <tstamp>61119E34</tstamp>
    </comp>
    <comp ref="JP18">
      <value>Jumper_2_Open</value>
      <footprint>Jumper:SolderJumper-2_P1.3mm_Open_Pad1.0x1.5mm</footprint>
      <datasheet>~</datasheet>
      <libsource lib="Jumper" part="Jumper_2_Open" description="Jumper, 2-pole, open"/>
      <sheetpath names="/" tstamps="/"/>
      <tstamp>6111EE29</tstamp>
    </comp>
    <comp ref="SW1">
      <value>SW_Push</value>
      <footprint>Buttons_Switches_SMD:SW_SPST_SKQG</footprint>
      <datasheet>~</datasheet>
      <libsource lib="Switch" part="SW_Push" description="Push button switch, generic, two pins"/>
      <sheetpath names="/" tstamps="/"/>
      <tstamp>611288FC</tstamp>
    </comp>
    <comp ref="R15">
      <value>R</value>
      <footprint>Resistors_SMD:R_0402</footprint>
      <datasheet>~</datasheet>
      <libsource lib="Device" part="R" description="Resistor"/>
      <sheetpath names="/" tstamps="/"/>
      <tstamp>6112BEFA</tstamp>
    </comp>
    <comp ref="C31">
      <value>C</value>
      <footprint>Capacitors_SMD:C_0402</footprint>
      <datasheet>~</datasheet>
      <libsource lib="Device" part="C" description="Unpolarized capacitor"/>
      <sheetpath names="/" tstamps="/"/>
      <tstamp>6112C867</tstamp>
    </comp>
    <comp ref="J9">
      <value>Conn_01x06_Male</value>
      <footprint>Connectors_Molex:Molex_PicoBlade_53048-0610_06x1.25mm_Angled</footprint>
      <datasheet>~</datasheet>
      <libsource lib="Connector" part="Conn_01x06_Male" description="Generic connector, single row, 01x06, script generated (kicad-library-utils/schlib/autogen/connector/)"/>
      <sheetpath names="/" tstamps="/"/>
      <tstamp>61136483</tstamp>
    </comp>
    <comp ref="C32">
      <value>C</value>
      <footprint>Capacitors_SMD:C_0402</footprint>
      <datasheet>~</datasheet>
      <libsource lib="Device" part="C" description="Unpolarized capacitor"/>
      <sheetpath names="/" tstamps="/"/>
      <tstamp>61153C4F</tstamp>
    </comp>
    <comp ref="C33">
      <value>C</value>
      <footprint>Capacitors_SMD:C_0402</footprint>
      <datasheet>~</datasheet>
      <libsource lib="Device" part="C" description="Unpolarized capacitor"/>
      <sheetpath names="/" tstamps="/"/>
      <tstamp>611543E3</tstamp>
    </comp>
    <comp ref="C34">
      <value>C</value>
      <footprint>Capacitors_SMD:C_0402</footprint>
      <datasheet>~</datasheet>
      <libsource lib="Device" part="C" description="Unpolarized capacitor"/>
      <sheetpath names="/" tstamps="/"/>
      <tstamp>61154913</tstamp>
    </comp>
    <comp ref="C35">
      <value>C</value>
      <footprint>Capacitors_SMD:C_0402</footprint>
      <datasheet>~</datasheet>
      <libsource lib="Device" part="C" description="Unpolarized capacitor"/>
      <sheetpath names="/" tstamps="/"/>
      <tstamp>61154D2F</tstamp>
    </comp>
    <comp ref="C36">
      <value>C</value>
      <footprint>Capacitors_SMD:C_0402</footprint>
      <datasheet>~</datasheet>
      <libsource lib="Device" part="C" description="Unpolarized capacitor"/>
      <sheetpath names="/" tstamps="/"/>
      <tstamp>61155373</tstamp>
    </comp>
    <comp ref="C37">
      <value>C</value>
      <footprint>Capacitors_SMD:C_0402</footprint>
      <datasheet>~</datasheet>
      <libsource lib="Device" part="C" description="Unpolarized capacitor"/>
      <sheetpath names="/" tstamps="/"/>
      <tstamp>61155835</tstamp>
    </comp>
    <comp ref="C38">
      <value>C</value>
      <footprint>Capacitors_SMD:C_0402</footprint>
      <datasheet>~</datasheet>
      <libsource lib="Device" part="C" description="Unpolarized capacitor"/>
      <sheetpath names="/" tstamps="/"/>
      <tstamp>6118A5DB</tstamp>
    </comp>
    <comp ref="C39">
      <value>C</value>
      <footprint>Capacitors_SMD:C_0402</footprint>
      <datasheet>~</datasheet>
      <libsource lib="Device" part="C" description="Unpolarized capacitor"/>
      <sheetpath names="/" tstamps="/"/>
      <tstamp>6118AD21</tstamp>
    </comp>
    <comp ref="U14">
      <value>LP38693MP-3.3</value>
      <footprint>TO_SOT_Packages_SMD:SOT-223-5</footprint>
      <datasheet>https://www.ti.com/lit/ds/symlink/lp38693.pdf</datasheet>
      <libsource lib="Regulator_Linear_2" part="LP38693MP-3.3" description="500-mA Low-Dropout CMOS Linear Regulators Stable With Ceramic Output Capacitors, 3.3V output voltage, Enable Pin, SOT-223"/>
      <sheetpath names="/" tstamps="/"/>
      <tstamp>6119EFD3</tstamp>
    </comp>
    <comp ref="U13">
      <value>LP38693MP-3.3</value>
      <footprint>TO_SOT_Packages_SMD:SOT-223-5</footprint>
      <datasheet>https://www.ti.com/lit/ds/symlink/lp38693.pdf</datasheet>
      <libsource lib="Regulator_Linear_2" part="LP38693MP-3.3" description="500-mA Low-Dropout CMOS Linear Regulators Stable With Ceramic Output Capacitors, 3.3V output voltage, Enable Pin, SOT-223"/>
      <sheetpath names="/" tstamps="/"/>
      <tstamp>611ADE71</tstamp>
    </comp>
    <comp ref="U16">
      <value>LP38693MP-3.3</value>
      <footprint>TO_SOT_Packages_SMD:SOT-223-5</footprint>
      <datasheet>https://www.ti.com/lit/ds/symlink/lp38693.pdf</datasheet>
      <libsource lib="Regulator_Linear_2" part="LP38693MP-3.3" description="500-mA Low-Dropout CMOS Linear Regulators Stable With Ceramic Output Capacitors, 3.3V output voltage, Enable Pin, SOT-223"/>
      <sheetpath names="/" tstamps="/"/>
      <tstamp>611AF79B</tstamp>
    </comp>
    <comp ref="U15">
      <value>LP38693MP-5.0</value>
      <footprint>TO_SOT_Packages_SMD:SOT-223-5</footprint>
      <datasheet>https://www.ti.com/lit/ds/symlink/lp38693.pdf</datasheet>
      <libsource lib="Regulator_Linear_2" part="LP38693MP-5.0" description="500-mA Low-Dropout CMOS Linear Regulators Stable With Ceramic Output Capacitors, 5.0V output voltage, Enable Pin, SOT-223"/>
      <sheetpath names="/" tstamps="/"/>
      <tstamp>611B579B</tstamp>
    </comp>
    <comp ref="U6">
      <value>AD7904BRUZ-REEL7</value>
      <footprint>Housings_SSOP:TSSOP-16_4.4x5mm_Pitch0.65mm</footprint>
      <datasheet>http://www.analog.com/static/imported-files/data_sheets/AD7904_7914_7924.pdf</datasheet>
      <fields>
        <field name="Automotive Qualified">Yes</field>
        <field name="Channels">4</field>
        <field name="Code  JEDEC">MO-153-AB</field>
        <field name="Component Link 1 Description">Manufacturer URL</field>
        <field name="Component Link 1 URL">http://www.analog.com/en/index.html</field>
        <field name="Component Link 3 Description">Package Specification</field>
        <field name="Component Link 3 URL">http://www.analog.com/static/imported-files/packages/36244347913743854010197452789RU16.pdf</field>
        <field name="Component Link 4 Description">Product URL</field>
        <field name="Component Link 4 URL">http://www.analog.com/en/analog-to-digital-converters/ad-converters/ad7904/products/product.html</field>
        <field name="Datasheet Version">Rev.B</field>
        <field name="Interface">Ser, SPI</field>
        <field name="Mounting Technology">Surface Mount</field>
        <field name="Package Description">16-Lead Thin Shrink Small Outline Package [TSSOP]</field>
        <field name="Package Version">Nov-2002</field>
        <field name="Packing">Reel</field>
        <field name="Resolution Bits">8</field>
        <field name="Throughput Rate SPS">1M</field>
        <field name="category">IC</field>
        <field name="ciiva ids">2905696</field>
        <field name="imported">yes</field>
        <field name="library id">29df41563031905c</field>
        <field name="manufacturer">Analog Devices</field>
        <field name="package">RU-16</field>
        <field name="release date">1387014619</field>
        <field name="rohs">Yes</field>
        <field name="vault revision">55669ED1-19F5-4296-9EBC-F9B59F159340</field>
      </fields>
      <libsource lib="AD7904" part="AD7904BRUZ-REEL7" description="AD7904BRUZ-REEL7"/>
      <sheetpath names="/AOA/" tstamps="/610A9A94/"/>
      <tstamp>61184656</tstamp>
    </comp>
    <comp ref="U4">
      <value>AD8302</value>
      <footprint>Housings_SSOP:TSSOP-14_4.4x5mm_Pitch0.65mm</footprint>
      <libsource lib="AD7904" part="AD8302" description=""/>
      <sheetpath names="/AOA/" tstamps="/610A9A94/"/>
      <tstamp>61191D22</tstamp>
    </comp>
    <comp ref="U8">
      <value>QPQ1906SR</value>
      <footprint>AD7904:QPQ1906SR</footprint>
      <libsource lib="AD7904" part="QPQ1906SR" description=""/>
      <sheetpath names="/AOA/" tstamps="/610A9A94/"/>
      <tstamp>611ABEE1</tstamp>
    </comp>
    <comp ref="U7">
      <value>QPQ1906SR</value>
      <footprint>AD7904:QPQ1906SR</footprint>
      <libsource lib="AD7904" part="QPQ1906SR" description=""/>
      <sheetpath names="/AOA/" tstamps="/610A9A94/"/>
      <tstamp>611AC4F8</tstamp>
    </comp>
    <comp ref="U10">
      <value>QPQ1906SR</value>
      <footprint>AD7904:QPQ1906SR</footprint>
      <libsource lib="AD7904" part="QPQ1906SR" description=""/>
      <sheetpath names="/AOA/" tstamps="/610A9A94/"/>
      <tstamp>611B1A68</tstamp>
    </comp>
    <comp ref="U9">
      <value>QPQ1906SR</value>
      <footprint>AD7904:QPQ1906SR</footprint>
      <libsource lib="AD7904" part="QPQ1906SR" description=""/>
      <sheetpath names="/AOA/" tstamps="/610A9A94/"/>
      <tstamp>611B1FB0</tstamp>
    </comp>
    <comp ref="J2">
      <value>U.FL-R-SMT(01)</value>
      <footprint>Connector_Coaxial:U.FL_Hirose_U.FL-R-SMT-1_Vertical</footprint>
      <fields>
        <field name="AVAILABILITY">Good</field>
        <field name="DESCRIPTION">U.FL Series 6 Ghz 50 Ohm Ultra-small SMT Coaxial Cable Receptacle</field>
        <field name="MF">Hirose</field>
        <field name="MP">U.FL-R-SMT(01)</field>
        <field name="PACKAGE">None</field>
        <field name="PRICE">0.84 USD</field>
      </fields>
      <libsource lib="U.FL-R-SMT_01_" part="U.FL-R-SMT(01)" description=""/>
      <sheetpath names="/AOA/" tstamps="/610A9A94/"/>
      <tstamp>611B385B</tstamp>
    </comp>
    <comp ref="J3">
      <value>U.FL-R-SMT(01)</value>
      <footprint>Connector_Coaxial:U.FL_Hirose_U.FL-R-SMT-1_Vertical</footprint>
      <fields>
        <field name="AVAILABILITY">Good</field>
        <field name="DESCRIPTION">U.FL Series 6 Ghz 50 Ohm Ultra-small SMT Coaxial Cable Receptacle</field>
        <field name="MF">Hirose</field>
        <field name="MP">U.FL-R-SMT(01)</field>
        <field name="PACKAGE">None</field>
        <field name="PRICE">0.84 USD</field>
      </fields>
      <libsource lib="U.FL-R-SMT_01_" part="U.FL-R-SMT(01)" description=""/>
      <sheetpath names="/AOA/" tstamps="/610A9A94/"/>
      <tstamp>611B539B</tstamp>
    </comp>
    <comp ref="J4">
      <value>U.FL-R-SMT(01)</value>
      <footprint>Connector_Coaxial:U.FL_Hirose_U.FL-R-SMT-1_Vertical</footprint>
      <fields>
        <field name="AVAILABILITY">Good</field>
        <field name="DESCRIPTION">U.FL Series 6 Ghz 50 Ohm Ultra-small SMT Coaxial Cable Receptacle</field>
        <field name="MF">Hirose</field>
        <field name="MP">U.FL-R-SMT(01)</field>
        <field name="PACKAGE">None</field>
        <field name="PRICE">0.84 USD</field>
      </fields>
      <libsource lib="U.FL-R-SMT_01_" part="U.FL-R-SMT(01)" description=""/>
      <sheetpath names="/AOA/" tstamps="/610A9A94/"/>
      <tstamp>611B5978</tstamp>
    </comp>
    <comp ref="J5">
      <value>U.FL-R-SMT(01)</value>
      <footprint>Connector_Coaxial:U.FL_Hirose_U.FL-R-SMT-1_Vertical</footprint>
      <fields>
        <field name="AVAILABILITY">Good</field>
        <field name="DESCRIPTION">U.FL Series 6 Ghz 50 Ohm Ultra-small SMT Coaxial Cable Receptacle</field>
        <field name="MF">Hirose</field>
        <field name="MP">U.FL-R-SMT(01)</field>
        <field name="PACKAGE">None</field>
        <field name="PRICE">0.84 USD</field>
      </fields>
      <libsource lib="U.FL-R-SMT_01_" part="U.FL-R-SMT(01)" description=""/>
      <sheetpath names="/AOA/" tstamps="/610A9A94/"/>
      <tstamp>611B5EB4</tstamp>
    </comp>
    <comp ref="C11">
      <value>C_Small</value>
      <footprint>Capacitors_SMD:C_0402</footprint>
      <datasheet>~</datasheet>
      <libsource lib="Device" part="C_Small" description="Unpolarized capacitor, small symbol"/>
      <sheetpath names="/AOA/" tstamps="/610A9A94/"/>
      <tstamp>611E09CD</tstamp>
    </comp>
    <comp ref="C12">
      <value>C_Small</value>
      <footprint>Capacitors_SMD:C_0402</footprint>
      <datasheet>~</datasheet>
      <libsource lib="Device" part="C_Small" description="Unpolarized capacitor, small symbol"/>
      <sheetpath names="/AOA/" tstamps="/610A9A94/"/>
      <tstamp>611E13C1</tstamp>
    </comp>
    <comp ref="C13">
      <value>C_Small</value>
      <footprint>Capacitors_SMD:C_0402</footprint>
      <datasheet>~</datasheet>
      <libsource lib="Device" part="C_Small" description="Unpolarized capacitor, small symbol"/>
      <sheetpath names="/AOA/" tstamps="/610A9A94/"/>
      <tstamp>611E159C</tstamp>
    </comp>
    <comp ref="C14">
      <value>C_Small</value>
      <footprint>Capacitors_SMD:C_0402</footprint>
      <datasheet>~</datasheet>
      <libsource lib="Device" part="C_Small" description="Unpolarized capacitor, small symbol"/>
      <sheetpath names="/AOA/" tstamps="/610A9A94/"/>
      <tstamp>611E1855</tstamp>
    </comp>
    <comp ref="R7">
      <value>R_Small</value>
      <footprint>Resistors_SMD:R_0402</footprint>
      <datasheet>~</datasheet>
      <libsource lib="Device" part="R_Small" description="Resistor, small symbol"/>
      <sheetpath names="/AOA/" tstamps="/610A9A94/"/>
      <tstamp>611E2816</tstamp>
    </comp>
    <comp ref="R8">
      <value>R_Small</value>
      <footprint>Resistors_SMD:R_0402</footprint>
      <datasheet>~</datasheet>
      <libsource lib="Device" part="R_Small" description="Resistor, small symbol"/>
      <sheetpath names="/AOA/" tstamps="/610A9A94/"/>
      <tstamp>611E3016</tstamp>
    </comp>
    <comp ref="C7">
      <value>C_Small</value>
      <footprint>Capacitors_SMD:C_0402</footprint>
      <datasheet>~</datasheet>
      <libsource lib="Device" part="C_Small" description="Unpolarized capacitor, small symbol"/>
      <sheetpath names="/AOA/" tstamps="/610A9A94/"/>
      <tstamp>611E74EE</tstamp>
    </comp>
    <comp ref="C8">
      <value>C_Small</value>
      <footprint>Capacitors_SMD:C_0402</footprint>
      <datasheet>~</datasheet>
      <libsource lib="Device" part="C_Small" description="Unpolarized capacitor, small symbol"/>
      <sheetpath names="/AOA/" tstamps="/610A9A94/"/>
      <tstamp>611E79FC</tstamp>
    </comp>
    <comp ref="R11">
      <value>R_Small</value>
      <footprint>Resistors_SMD:R_0402</footprint>
      <datasheet>~</datasheet>
      <libsource lib="Device" part="R_Small" description="Resistor, small symbol"/>
      <sheetpath names="/AOA/" tstamps="/610A9A94/"/>
      <tstamp>611F08C5</tstamp>
    </comp>
    <comp ref="C19">
      <value>C_Small</value>
      <footprint>Capacitors_SMD:C_0402</footprint>
      <datasheet>~</datasheet>
      <libsource lib="Device" part="C_Small" description="Unpolarized capacitor, small symbol"/>
      <sheetpath names="/AOA/" tstamps="/610A9A94/"/>
      <tstamp>611F7323</tstamp>
    </comp>
    <comp ref="C20">
      <value>C_Small</value>
      <footprint>Capacitors_SMD:C_0402</footprint>
      <datasheet>~</datasheet>
      <libsource lib="Device" part="C_Small" description="Unpolarized capacitor, small symbol"/>
      <sheetpath names="/AOA/" tstamps="/610A9A94/"/>
      <tstamp>611F793D</tstamp>
    </comp>
    <comp ref="TP1">
      <value>TestPoint</value>
      <footprint>Measurement_Points:Test_Point_Keystone_5000-5004_Miniature</footprint>
      <datasheet>~</datasheet>
      <libsource lib="Connector" part="TestPoint" description="test point"/>
      <sheetpath names="/AOA/" tstamps="/610A9A94/"/>
      <tstamp>611F942D</tstamp>
    </comp>
    <comp ref="TP2">
      <value>TestPoint</value>
      <footprint>Measurement_Points:Test_Point_Keystone_5000-5004_Miniature</footprint>
      <datasheet>~</datasheet>
      <libsource lib="Connector" part="TestPoint" description="test point"/>
      <sheetpath names="/AOA/" tstamps="/610A9A94/"/>
      <tstamp>611F9C49</tstamp>
    </comp>
    <comp ref="U5">
      <value>AD8302</value>
      <footprint>Housings_SSOP:TSSOP-14_4.4x5mm_Pitch0.65mm</footprint>
      <libsource lib="AD7904" part="AD8302" description=""/>
      <sheetpath names="/AOA/" tstamps="/610A9A94/"/>
      <tstamp>612128DA</tstamp>
    </comp>
    <comp ref="C15">
      <value>C_Small</value>
      <footprint>Capacitors_SMD:C_0402</footprint>
      <datasheet>~</datasheet>
      <libsource lib="Device" part="C_Small" description="Unpolarized capacitor, small symbol"/>
      <sheetpath names="/AOA/" tstamps="/610A9A94/"/>
      <tstamp>612128E7</tstamp>
    </comp>
    <comp ref="C16">
      <value>C_Small</value>
      <footprint>Capacitors_SMD:C_0402</footprint>
      <datasheet>~</datasheet>
      <libsource lib="Device" part="C_Small" description="Unpolarized capacitor, small symbol"/>
      <sheetpath names="/AOA/" tstamps="/610A9A94/"/>
      <tstamp>612128ED</tstamp>
    </comp>
    <comp ref="C17">
      <value>C_Small</value>
      <footprint>Capacitors_SMD:C_0402</footprint>
      <datasheet>~</datasheet>
      <libsource lib="Device" part="C_Small" description="Unpolarized capacitor, small symbol"/>
      <sheetpath names="/AOA/" tstamps="/610A9A94/"/>
      <tstamp>612128F3</tstamp>
    </comp>
    <comp ref="C18">
      <value>C_Small</value>
      <footprint>Capacitors_SMD:C_0402</footprint>
      <datasheet>~</datasheet>
      <libsource lib="Device" part="C_Small" description="Unpolarized capacitor, small symbol"/>
      <sheetpath names="/AOA/" tstamps="/610A9A94/"/>
      <tstamp>612128F9</tstamp>
    </comp>
    <comp ref="R9">
      <value>R_Small</value>
      <footprint>Resistors_SMD:R_0402</footprint>
      <datasheet>~</datasheet>
      <libsource lib="Device" part="R_Small" description="Resistor, small symbol"/>
      <sheetpath names="/AOA/" tstamps="/610A9A94/"/>
      <tstamp>61212901</tstamp>
    </comp>
    <comp ref="R10">
      <value>R_Small</value>
      <footprint>Resistors_SMD:R_0402</footprint>
      <datasheet>~</datasheet>
      <libsource lib="Device" part="R_Small" description="Resistor, small symbol"/>
      <sheetpath names="/AOA/" tstamps="/610A9A94/"/>
      <tstamp>61212907</tstamp>
    </comp>
    <comp ref="C9">
      <value>C_Small</value>
      <footprint>Capacitors_SMD:C_0402</footprint>
      <datasheet>~</datasheet>
      <libsource lib="Device" part="C_Small" description="Unpolarized capacitor, small symbol"/>
      <sheetpath names="/AOA/" tstamps="/610A9A94/"/>
      <tstamp>61212921</tstamp>
    </comp>
    <comp ref="C10">
      <value>C_Small</value>
      <footprint>Capacitors_SMD:C_0402</footprint>
      <datasheet>~</datasheet>
      <libsource lib="Device" part="C_Small" description="Unpolarized capacitor, small symbol"/>
      <sheetpath names="/AOA/" tstamps="/610A9A94/"/>
      <tstamp>61212928</tstamp>
    </comp>
    <comp ref="R13">
      <value>R_Small</value>
      <footprint>Resistors_SMD:R_0402</footprint>
      <datasheet>~</datasheet>
      <libsource lib="Device" part="R_Small" description="Resistor, small symbol"/>
      <sheetpath names="/AOA/" tstamps="/610A9A94/"/>
      <tstamp>61212935</tstamp>
    </comp>
    <comp ref="C21">
      <value>C_Small</value>
      <footprint>Capacitors_SMD:C_0402</footprint>
      <datasheet>~</datasheet>
      <libsource lib="Device" part="C_Small" description="Unpolarized capacitor, small symbol"/>
      <sheetpath names="/AOA/" tstamps="/610A9A94/"/>
      <tstamp>61212945</tstamp>
    </comp>
    <comp ref="C22">
      <value>C_Small</value>
      <footprint>Capacitors_SMD:C_0402</footprint>
      <datasheet>~</datasheet>
      <libsource lib="Device" part="C_Small" description="Unpolarized capacitor, small symbol"/>
      <sheetpath names="/AOA/" tstamps="/610A9A94/"/>
      <tstamp>6121294B</tstamp>
    </comp>
    <comp ref="TP3">
      <value>TestPoint</value>
      <footprint>Measurement_Points:Test_Point_Keystone_5000-5004_Miniature</footprint>
      <datasheet>~</datasheet>
      <libsource lib="Connector" part="TestPoint" description="test point"/>
      <sheetpath names="/AOA/" tstamps="/610A9A94/"/>
      <tstamp>61212957</tstamp>
    </comp>
    <comp ref="TP4">
      <value>TestPoint</value>
      <footprint>Measurement_Points:Test_Point_Keystone_5000-5004_Miniature</footprint>
      <datasheet>~</datasheet>
      <libsource lib="Connector" part="TestPoint" description="test point"/>
      <sheetpath names="/AOA/" tstamps="/610A9A94/"/>
      <tstamp>6121295D</tstamp>
    </comp>
    <comp ref="JP9">
      <value>Jumper_3_Open</value>
      <footprint>Jumper:SolderJumper-3_P1.3mm_Open_RoundedPad1.0x1.5mm</footprint>
      <datasheet>~</datasheet>
      <libsource lib="Jumper" part="Jumper_3_Open" description="Jumper, 3-pole, both open"/>
      <sheetpath names="/AOA/" tstamps="/610A9A94/"/>
      <tstamp>610EE0DE</tstamp>
    </comp>
    <comp ref="JP10">
      <value>Jumper_3_Open</value>
      <footprint>Jumper:SolderJumper-3_P1.3mm_Open_RoundedPad1.0x1.5mm</footprint>
      <datasheet>~</datasheet>
      <libsource lib="Jumper" part="Jumper_3_Open" description="Jumper, 3-pole, both open"/>
      <sheetpath names="/AOA/" tstamps="/610A9A94/"/>
      <tstamp>610EE0E4</tstamp>
    </comp>
    <comp ref="JP8">
      <value>Jumper_3_Open</value>
      <footprint>Jumper:SolderJumper-3_P1.3mm_Open_RoundedPad1.0x1.5mm</footprint>
      <datasheet>~</datasheet>
      <libsource lib="Jumper" part="Jumper_3_Open" description="Jumper, 3-pole, both open"/>
      <sheetpath names="/AOA/" tstamps="/610A9A94/"/>
      <tstamp>610EE0EA</tstamp>
    </comp>
    <comp ref="JP11">
      <value>Jumper_3_Open</value>
      <footprint>Jumper:SolderJumper-3_P1.3mm_Open_RoundedPad1.0x1.5mm</footprint>
      <datasheet>~</datasheet>
      <libsource lib="Jumper" part="Jumper_3_Open" description="Jumper, 3-pole, both open"/>
      <sheetpath names="/AOA/" tstamps="/610A9A94/"/>
      <tstamp>610EE0F0</tstamp>
    </comp>
    <comp ref="U3">
      <value>ISO7341C</value>
      <footprint>Housings_SOIC:SOIC-16W_7.5x10.3mm_Pitch1.27mm</footprint>
      <datasheet>http://www.ti.com/general/docs/lit/getliterature.tsp?genericPartNumber=iso7341c&amp;fileType=pdf</datasheet>
      <libsource lib="Isolator" part="ISO7341C" description="Low Power Quad-Channel 3/1 Digital Isolator, 25Mbps 31ns, Fail-Safe High, SO16"/>
      <sheetpath names="/AOA/" tstamps="/610A9A94/"/>
      <tstamp>610EE100</tstamp>
    </comp>
    <comp ref="R14">
      <value>R</value>
      <footprint>Resistors_SMD:R_0402</footprint>
      <datasheet>~</datasheet>
      <libsource lib="Device" part="R" description="Resistor"/>
      <sheetpath names="/AOA/" tstamps="/610A9A94/"/>
      <tstamp>61119E55</tstamp>
    </comp>
    <comp ref="R12">
      <value>R</value>
      <footprint>Resistors_SMD:R_0402</footprint>
      <datasheet>~</datasheet>
      <libsource lib="Device" part="R" description="Resistor"/>
      <sheetpath names="/AOA/" tstamps="/610A9A94/"/>
      <tstamp>6111A5A2</tstamp>
    </comp>
    <comp ref="C26">
      <value>C</value>
      <footprint>Capacitors_SMD:C_0402</footprint>
      <datasheet>~</datasheet>
      <libsource lib="Device" part="C" description="Unpolarized capacitor"/>
      <sheetpath names="/AOA/" tstamps="/610A9A94/"/>
      <tstamp>610D58D1</tstamp>
    </comp>
    <comp ref="C27">
      <value>C</value>
      <footprint>Capacitors_SMD:C_0402</footprint>
      <datasheet>~</datasheet>
      <libsource lib="Device" part="C" description="Unpolarized capacitor"/>
      <sheetpath names="/AOA/" tstamps="/610A9A94/"/>
      <tstamp>610D8251</tstamp>
    </comp>
    <comp ref="C28">
      <value>C</value>
      <footprint>Capacitors_SMD:C_0402</footprint>
      <datasheet>~</datasheet>
      <libsource lib="Device" part="C" description="Unpolarized capacitor"/>
      <sheetpath names="/AOA/" tstamps="/610A9A94/"/>
      <tstamp>610D8650</tstamp>
    </comp>
    <comp ref="C29">
      <value>C</value>
      <footprint>Capacitors_SMD:C_0402</footprint>
      <datasheet>~</datasheet>
      <libsource lib="Device" part="C" description="Unpolarized capacitor"/>
      <sheetpath names="/AOA/" tstamps="/610A9A94/"/>
      <tstamp>610D884F</tstamp>
    </comp>
    <comp ref="C30">
      <value>C</value>
      <footprint>Capacitors_SMD:C_0402</footprint>
      <datasheet>~</datasheet>
      <libsource lib="Device" part="C" description="Unpolarized capacitor"/>
      <sheetpath names="/AOA/" tstamps="/610A9A94/"/>
      <tstamp>610DEB89</tstamp>
    </comp>
    <comp ref="C4">
      <value>C</value>
      <footprint>Capacitors_SMD:C_0402</footprint>
      <datasheet>~</datasheet>
      <libsource lib="Device" part="C" description="Unpolarized capacitor"/>
      <sheetpath names="/AOA/" tstamps="/610A9A94/"/>
      <tstamp>6112BE21</tstamp>
    </comp>
    <comp ref="C23">
      <value>C</value>
      <footprint>Capacitors_SMD:C_0402</footprint>
      <datasheet>~</datasheet>
      <libsource lib="Device" part="C" description="Unpolarized capacitor"/>
      <sheetpath names="/AOA/" tstamps="/610A9A94/"/>
      <tstamp>611307ED</tstamp>
    </comp>
    <comp ref="J6">
      <value>Conn_01x12_Male</value>
      <footprint>Connectors_Molex:Molex_PicoBlade_53261-1271_12x1.25mm_Angled</footprint>
      <datasheet>~</datasheet>
      <libsource lib="Connector" part="Conn_01x12_Male" description="Generic connector, single row, 01x12, script generated (kicad-library-utils/schlib/autogen/connector/)"/>
      <sheetpath names="/FEMTO/" tstamps="/610C3105/"/>
      <tstamp>610C428A</tstamp>
    </comp>
    <comp ref="JP12">
      <value>Jumper_2_Open</value>
      <footprint>Jumper:SolderJumper-2_P1.3mm_Open_RoundedPad1.0x1.5mm</footprint>
      <datasheet>~</datasheet>
      <libsource lib="Jumper" part="Jumper_2_Open" description="Jumper, 2-pole, open"/>
      <sheetpath names="/FEMTO/" tstamps="/610C3105/"/>
      <tstamp>610C7C1E</tstamp>
    </comp>
    <comp ref="JP13">
      <value>Jumper_2_Open</value>
      <footprint>Jumper:SolderJumper-2_P1.3mm_Open_RoundedPad1.0x1.5mm</footprint>
      <datasheet>~</datasheet>
      <libsource lib="Jumper" part="Jumper_2_Open" description="Jumper, 2-pole, open"/>
      <sheetpath names="/FEMTO/" tstamps="/610C3105/"/>
      <tstamp>610C8110</tstamp>
    </comp>
    <comp ref="JP15">
      <value>Jumper_3_Open</value>
      <footprint>Jumper:SolderJumper-3_P1.3mm_Open_RoundedPad1.0x1.5mm</footprint>
      <datasheet>~</datasheet>
      <libsource lib="Jumper" part="Jumper_3_Open" description="Jumper, 3-pole, both open"/>
      <sheetpath names="/FEMTO/" tstamps="/610C3105/"/>
      <tstamp>6115F34C</tstamp>
    </comp>
    <comp ref="JP16">
      <value>Jumper_3_Open</value>
      <footprint>Jumper:SolderJumper-3_P1.3mm_Open_RoundedPad1.0x1.5mm</footprint>
      <datasheet>~</datasheet>
      <libsource lib="Jumper" part="Jumper_3_Open" description="Jumper, 3-pole, both open"/>
      <sheetpath names="/FEMTO/" tstamps="/610C3105/"/>
      <tstamp>6115F352</tstamp>
    </comp>
    <comp ref="JP14">
      <value>Jumper_3_Open</value>
      <footprint>Jumper:SolderJumper-3_P1.3mm_Open_RoundedPad1.0x1.5mm</footprint>
      <datasheet>~</datasheet>
      <libsource lib="Jumper" part="Jumper_3_Open" description="Jumper, 3-pole, both open"/>
      <sheetpath names="/FEMTO/" tstamps="/610C3105/"/>
      <tstamp>6115F358</tstamp>
    </comp>
    <comp ref="JP17">
      <value>Jumper_3_Open</value>
      <footprint>Jumper:SolderJumper-3_P1.3mm_Open_RoundedPad1.0x1.5mm</footprint>
      <datasheet>~</datasheet>
      <libsource lib="Jumper" part="Jumper_3_Open" description="Jumper, 3-pole, both open"/>
      <sheetpath names="/FEMTO/" tstamps="/610C3105/"/>
      <tstamp>6115F35E</tstamp>
    </comp>
    <comp ref="U11">
      <value>ISO7341C</value>
      <footprint>Housings_SOIC:SOIC-16W_7.5x10.3mm_Pitch1.27mm</footprint>
      <datasheet>http://www.ti.com/general/docs/lit/getliterature.tsp?genericPartNumber=iso7341c&amp;fileType=pdf</datasheet>
      <libsource lib="Isolator" part="ISO7341C" description="Low Power Quad-Channel 3/1 Digital Isolator, 25Mbps 31ns, Fail-Safe High, SO16"/>
      <sheetpath names="/FEMTO/" tstamps="/610C3105/"/>
      <tstamp>6115F36E</tstamp>
    </comp>
    <comp ref="C24">
      <value>C</value>
      <footprint>Capacitors_SMD:C_0402</footprint>
      <datasheet>~</datasheet>
      <libsource lib="Device" part="C" description="Unpolarized capacitor"/>
      <sheetpath names="/FEMTO/" tstamps="/610C3105/"/>
      <tstamp>61125B6F</tstamp>
    </comp>
    <comp ref="C25">
      <value>C</value>
      <footprint>Capacitors_SMD:C_0402</footprint>
      <datasheet>~</datasheet>
      <libsource lib="Device" part="C" description="Unpolarized capacitor"/>
      <sheetpath names="/FEMTO/" tstamps="/610C3105/"/>
      <tstamp>61125B77</tstamp>
    </comp>
    <comp ref="J7">
      <value>Conn_01x04_Male</value>
      <footprint>Connectors_Molex:Molex_PicoBlade_53048-0410_04x1.25mm_Angled</footprint>
      <datasheet>~</datasheet>
      <libsource lib="Connector" part="Conn_01x04_Male" description="Generic connector, single row, 01x04, script generated (kicad-library-utils/schlib/autogen/connector/)"/>
      <sheetpath names="/MAG/" tstamps="/61194465/"/>
      <tstamp>6119466D</tstamp>
    </comp>
    <comp ref="J8">
      <value>Conn_01x04_Male</value>
      <footprint>Connectors_Molex:Molex_PicoBlade_53048-0410_04x1.25mm_Angled</footprint>
      <datasheet>~</datasheet>
      <libsource lib="Connector" part="Conn_01x04_Male" description="Generic connector, single row, 01x04, script generated (kicad-library-utils/schlib/autogen/connector/)"/>
      <sheetpath names="/MAG/" tstamps="/61194465/"/>
      <tstamp>6119537C</tstamp>
    </comp>
  </components>
  <libparts>
    <libpart lib="AD7904" part="AD7904BRUZ-REEL7">
      <description>AD7904BRUZ-REEL7</description>
      <docs>http://www.analog.com/static/imported-files/data_sheets/AD7904_7914_7924.pdf</docs>
      <fields>
        <field name="Reference">U</field>
        <field name="Value">AD7904BRUZ-REEL7</field>
        <field name="Footprint">Analog_Devices-AD7904BRUZ-REEL7-*</field>
        <field name="Datasheet">http://www.analog.com/static/imported-files/data_sheets/AD7904_7914_7924.pdf</field>
        <field name="Automotive Qualified">Yes</field>
        <field name="Channels">4</field>
        <field name="Code  JEDEC">MO-153-AB</field>
        <field name="Component Link 1 Description">Manufacturer URL</field>
        <field name="Component Link 1 URL">http://www.analog.com/en/index.html</field>
        <field name="Component Link 3 Description">Package Specification</field>
        <field name="Component Link 3 URL">http://www.analog.com/static/imported-files/packages/36244347913743854010197452789RU16.pdf</field>
        <field name="Component Link 4 Description">Product URL</field>
        <field name="Component Link 4 URL">http://www.analog.com/en/analog-to-digital-converters/ad-converters/ad7904/products/product.html</field>
        <field name="Datasheet Version">Rev.B</field>
        <field name="Interface">Ser, SPI</field>
        <field name="Mounting Technology">Surface Mount</field>
        <field name="Package Description">16-Lead Thin Shrink Small Outline Package [TSSOP]</field>
        <field name="Package Version">Nov-2002</field>
        <field name="Packing">Reel</field>
        <field name="Resolution Bits">8</field>
        <field name="Throughput Rate SPS">1M</field>
        <field name="category">IC</field>
        <field name="ciiva ids">2905696</field>
        <field name="library id">29df41563031905c</field>
        <field name="manufacturer">Analog Devices</field>
        <field name="package">RU-16</field>
        <field name="release date">1387014619</field>
        <field name="rohs">Yes</field>
        <field name="vault revision">55669ED1-19F5-4296-9EBC-F9B59F159340</field>
        <field name="imported">yes</field>
      </fields>
      <pins>
        <pin num="1" name="SCLK" type="input"/>
        <pin num="2" name="DIN" type="input"/>
        <pin num="3" name="~CS~" type="input"/>
        <pin num="4" name="AGND" type="power_in"/>
        <pin num="5" name="AVDD" type="power_in"/>
        <pin num="6" name="AVDD" type="power_in"/>
        <pin num="7" name="REFIN" type="input"/>
        <pin num="8" name="AGND" type="power_in"/>
        <pin num="9" name="VIN3" type="input"/>
        <pin num="10" name="VIN2" type="input"/>
        <pin num="11" name="VIN1" type="input"/>
        <pin num="12" name="VIN0" type="input"/>
        <pin num="13" name="AGND" type="power_in"/>
        <pin num="14" name="DOUT" type="unspc"/>
        <pin num="15" name="VDRIVE" type="power_in"/>
        <pin num="16" name="AGND" type="power_in"/>
      </pins>
    </libpart>
    <libpart lib="AD7904" part="AD8302">
      <fields>
        <field name="Reference">U</field>
        <field name="Value">AD8302</field>
      </fields>
      <pins>
        <pin num="1" name="COMM" type="input"/>
        <pin num="2" name="INPA" type="input"/>
        <pin num="3" name="OFSA" type="input"/>
        <pin num="4" name="VPOS" type="input"/>
        <pin num="5" name="OFSB" type="input"/>
        <pin num="6" name="INPB" type="input"/>
        <pin num="7" name="COMM1" type="input"/>
        <pin num="8" name="PFLT" type="input"/>
        <pin num="9" name="VPHS" type="input"/>
        <pin num="10" name="PSET" type="input"/>
        <pin num="11" name="VREF" type="input"/>
        <pin num="12" name="MSET" type="input"/>
        <pin num="13" name="VMAG" type="input"/>
        <pin num="14" name="MFLT" type="input"/>
      </pins>
    </libpart>
    <libpart lib="AD7904" part="QPQ1906SR">
      <fields>
        <field name="Reference">U</field>
        <field name="Value">QPQ1906SR</field>
      </fields>
      <pins>
        <pin num="1" name="INPUT" type="input"/>
        <pin num="2" name="OUTPUT" type="output"/>
        <pin num="3" name="GROUND_1" type="passive"/>
      </pins>
    </libpart>
    <libpart lib="Connector" part="Conn_01x04_Male">
      <description>Generic connector, single row, 01x04, script generated (kicad-library-utils/schlib/autogen/connector/)</description>
      <docs>~</docs>
      <footprints>
        <fp>Connector*:*_1x??_*</fp>
      </footprints>
      <fields>
        <field name="Reference">J</field>
        <field name="Value">Conn_01x04_Male</field>
      </fields>
      <pins>
        <pin num="1" name="Pin_1" type="passive"/>
        <pin num="2" name="Pin_2" type="passive"/>
        <pin num="3" name="Pin_3" type="passive"/>
        <pin num="4" name="Pin_4" type="passive"/>
      </pins>
    </libpart>
    <libpart lib="Connector" part="Conn_01x06_Male">
      <description>Generic connector, single row, 01x06, script generated (kicad-library-utils/schlib/autogen/connector/)</description>
      <docs>~</docs>
      <footprints>
        <fp>Connector*:*_1x??_*</fp>
      </footprints>
      <fields>
        <field name="Reference">J</field>
        <field name="Value">Conn_01x06_Male</field>
      </fields>
      <pins>
        <pin num="1" name="Pin_1" type="passive"/>
        <pin num="2" name="Pin_2" type="passive"/>
        <pin num="3" name="Pin_3" type="passive"/>
        <pin num="4" name="Pin_4" type="passive"/>
        <pin num="5" name="Pin_5" type="passive"/>
        <pin num="6" name="Pin_6" type="passive"/>
      </pins>
    </libpart>
    <libpart lib="Connector" part="Conn_01x12_Male">
      <description>Generic connector, single row, 01x12, script generated (kicad-library-utils/schlib/autogen/connector/)</description>
      <docs>~</docs>
      <footprints>
        <fp>Connector*:*_1x??_*</fp>
      </footprints>
      <fields>
        <field name="Reference">J</field>
        <field name="Value">Conn_01x12_Male</field>
      </fields>
      <pins>
        <pin num="1" name="Pin_1" type="passive"/>
        <pin num="2" name="Pin_2" type="passive"/>
        <pin num="3" name="Pin_3" type="passive"/>
        <pin num="4" name="Pin_4" type="passive"/>
        <pin num="5" name="Pin_5" type="passive"/>
        <pin num="6" name="Pin_6" type="passive"/>
        <pin num="7" name="Pin_7" type="passive"/>
        <pin num="8" name="Pin_8" type="passive"/>
        <pin num="9" name="Pin_9" type="passive"/>
        <pin num="10" name="Pin_10" type="passive"/>
        <pin num="11" name="Pin_11" type="passive"/>
        <pin num="12" name="Pin_12" type="passive"/>
      </pins>
    </libpart>
    <libpart lib="Connector" part="TestPoint">
      <description>test point</description>
      <docs>~</docs>
      <footprints>
        <fp>Pin*</fp>
        <fp>Test*</fp>
      </footprints>
      <fields>
        <field name="Reference">TP</field>
        <field name="Value">TestPoint</field>
      </fields>
      <pins>
        <pin num="1" name="1" type="passive"/>
      </pins>
    </libpart>
    <libpart lib="Connector-ML" part="RPi_GPIO">
      <description>Raspberry Pi Hat GPIO</description>
      <fields>
        <field name="Reference">J</field>
        <field name="Value">RPi_GPIO</field>
      </fields>
      <pins>
        <pin num="1" name="3.3V" type="power_in"/>
        <pin num="2" name="5V" type="power_in"/>
        <pin num="3" name="GPIO02_SDA1_I2C" type="BiDi"/>
        <pin num="4" name="5V" type="power_in"/>
        <pin num="5" name="GPIO03_SCL1_I2C" type="BiDi"/>
        <pin num="6" name="GND" type="power_in"/>
        <pin num="7" name="GPIO04_GCLK" type="BiDi"/>
        <pin num="8" name="GPIO14_TXD0" type="BiDi"/>
        <pin num="9" name="GND" type="power_in"/>
        <pin num="10" name="GPIO15_RXD0" type="BiDi"/>
        <pin num="11" name="GPIO17" type="BiDi"/>
        <pin num="12" name="GPIO18" type="BiDi"/>
        <pin num="13" name="GPIO27" type="BiDi"/>
        <pin num="14" name="GND" type="power_in"/>
        <pin num="15" name="GPIO22" type="BiDi"/>
        <pin num="16" name="GPIO23" type="BiDi"/>
        <pin num="17" name="3.3V" type="power_in"/>
        <pin num="18" name="GPIO24" type="BiDi"/>
        <pin num="19" name="GPIO10_SPI_MOSI" type="BiDi"/>
        <pin num="20" name="GND" type="power_in"/>
        <pin num="21" name="GPIO09_SPI_MISO" type="BiDi"/>
        <pin num="22" name="GPIO25" type="BiDi"/>
        <pin num="23" name="GPIO11_SPI_CLK" type="BiDi"/>
        <pin num="24" name="GPIO08_SPI_CE0_N" type="BiDi"/>
        <pin num="25" name="GND" type="power_in"/>
        <pin num="26" name="GPIO07_SPI_CE1_N" type="BiDi"/>
        <pin num="27" name="ID_SD" type="BiDi"/>
        <pin num="28" name="ID_SC" type="BiDi"/>
        <pin num="29" name="GPIO05" type="BiDi"/>
        <pin num="30" name="GND" type="power_in"/>
        <pin num="31" name="GPIO06" type="BiDi"/>
        <pin num="32" name="GPIO12" type="BiDi"/>
        <pin num="33" name="GPIO13" type="BiDi"/>
        <pin num="34" name="GND" type="power_in"/>
        <pin num="35" name="GPIO19" type="BiDi"/>
        <pin num="36" name="GPIO16" type="BiDi"/>
        <pin num="37" name="GPIO26" type="BiDi"/>
        <pin num="38" name="GPIO20" type="BiDi"/>
        <pin num="39" name="GND" type="power_in"/>
        <pin num="40" name="GPIO21" type="BiDi"/>
      </pins>
    </libpart>
    <libpart lib="Device" part="C">
      <description>Unpolarized capacitor</description>
      <docs>~</docs>
      <footprints>
        <fp>C_*</fp>
      </footprints>
      <fields>
        <field name="Reference">C</field>
        <field name="Value">C</field>
      </fields>
      <pins>
        <pin num="1" name="~" type="passive"/>
        <pin num="2" name="~" type="passive"/>
      </pins>
    </libpart>
    <libpart lib="Device" part="C_Small">
      <description>Unpolarized capacitor, small symbol</description>
      <docs>~</docs>
      <footprints>
        <fp>C_*</fp>
      </footprints>
      <fields>
        <field name="Reference">C</field>
        <field name="Value">C_Small</field>
      </fields>
      <pins>
        <pin num="1" name="~" type="passive"/>
        <pin num="2" name="~" type="passive"/>
      </pins>
    </libpart>
    <libpart lib="Device" part="R">
      <description>Resistor</description>
      <docs>~</docs>
      <footprints>
        <fp>R_*</fp>
      </footprints>
      <fields>
        <field name="Reference">R</field>
        <field name="Value">R</field>
      </fields>
      <pins>
        <pin num="1" name="~" type="passive"/>
        <pin num="2" name="~" type="passive"/>
      </pins>
    </libpart>
    <libpart lib="Device" part="R_Small">
      <description>Resistor, small symbol</description>
      <docs>~</docs>
      <footprints>
        <fp>R_*</fp>
      </footprints>
      <fields>
        <field name="Reference">R</field>
        <field name="Value">R_Small</field>
      </fields>
      <pins>
        <pin num="1" name="~" type="passive"/>
        <pin num="2" name="~" type="passive"/>
      </pins>
    </libpart>
    <libpart lib="Isolator" part="ISO1540">
      <description>I2C Isolator, 2.5 kVrms, Bidirectional clock and data, SOIC-8</description>
      <docs>http://www.ti.com/lit/ds/symlink/iso1541.pdf</docs>
      <footprints>
        <fp>SOIC*3.9x4.9mm*P1.27mm*</fp>
      </footprints>
      <fields>
        <field name="Reference">U</field>
        <field name="Value">ISO1540</field>
        <field name="Footprint">Package_SO:SOIC-8_3.9x4.9mm_P1.27mm</field>
      </fields>
      <pins>
        <pin num="1" name="VCC1" type="power_in"/>
        <pin num="2" name="SDA1" type="BiDi"/>
        <pin num="3" name="SCL1" type="BiDi"/>
        <pin num="4" name="GND1" type="power_in"/>
        <pin num="5" name="GND2" type="power_in"/>
        <pin num="6" name="SCL2" type="BiDi"/>
        <pin num="7" name="SDA2" type="BiDi"/>
        <pin num="8" name="VCC2" type="power_in"/>
      </pins>
    </libpart>
    <libpart lib="Isolator" part="ISO7341C">
      <aliases>
        <alias>ISO7341FC</alias>
      </aliases>
      <description>Low Power Quad-Channel 3/1 Digital Isolator, 25Mbps 31ns, Fail-Safe High, SO16</description>
      <docs>http://www.ti.com/general/docs/lit/getliterature.tsp?genericPartNumber=iso7341c&amp;fileType=pdf</docs>
      <footprints>
        <fp>SO*</fp>
      </footprints>
      <fields>
        <field name="Reference">U</field>
        <field name="Value">ISO7341C</field>
        <field name="Footprint">Package_SO:SOIC-16W_7.5x10.3mm_P1.27mm</field>
      </fields>
      <pins>
        <pin num="1" name="VCC1" type="power_in"/>
        <pin num="2" name="GND1" type="power_in"/>
        <pin num="3" name="INA" type="input"/>
        <pin num="4" name="INB" type="input"/>
        <pin num="5" name="INC" type="input"/>
        <pin num="6" name="OUTD" type="output"/>
        <pin num="7" name="EN1" type="input"/>
        <pin num="8" name="GND1" type="passive"/>
        <pin num="9" name="GND2" type="passive"/>
        <pin num="10" name="EN2" type="input"/>
        <pin num="11" name="IND" type="input"/>
        <pin num="12" name="OUTC" type="output"/>
        <pin num="13" name="OUTB" type="output"/>
        <pin num="14" name="OUTA" type="output"/>
        <pin num="15" name="GND2" type="power_in"/>
        <pin num="16" name="VCC2" type="power_in"/>
      </pins>
    </libpart>
    <libpart lib="Jumper" part="Jumper_2_Open">
      <description>Jumper, 2-pole, open</description>
      <docs>~</docs>
      <footprints>
        <fp>SolderJumper*Open*</fp>
      </footprints>
      <fields>
        <field name="Reference">JP</field>
        <field name="Value">Jumper_2_Open</field>
      </fields>
      <pins>
        <pin num="1" name="A" type="passive"/>
        <pin num="2" name="B" type="passive"/>
      </pins>
    </libpart>
    <libpart lib="Jumper" part="Jumper_3_Open">
      <description>Jumper, 3-pole, both open</description>
      <docs>~</docs>
      <footprints>
        <fp>SolderJumper*Open*</fp>
      </footprints>
      <fields>
        <field name="Reference">JP</field>
        <field name="Value">Jumper_3_Open</field>
      </fields>
      <pins>
        <pin num="1" name="A" type="passive"/>
        <pin num="2" name="C" type="input"/>
        <pin num="3" name="B" type="passive"/>
      </pins>
    </libpart>
    <libpart lib="PIC16F1847-I_SO" part="PIC16F1847-I_SO">
      <fields>
        <field name="Reference">U</field>
        <field name="Value">PIC16F1847-I_SO</field>
        <field name="Footprint">SOIC127P1030X265-18N</field>
        <field name="OC_FARNELL">1971870</field>
        <field name="SUPPLIER">Microchip</field>
        <field name="PACKAGE">SOIC-18</field>
        <field name="OC_NEWARK">23T3107</field>
        <field name="MPN">PIC16F1847-I/SO</field>
      </fields>
      <pins>
        <pin num="1" name="RA2/AN2" type="BiDi"/>
        <pin num="2" name="RA3/AN3" type="BiDi"/>
        <pin num="3" name="RA4/AN4" type="BiDi"/>
        <pin num="4" name="RA5/*MCLR" type="BiDi"/>
        <pin num="5" name="VSS" type="power_in"/>
        <pin num="6" name="RB0/T1G" type="BiDi"/>
        <pin num="7" name="RB1/AN11" type="BiDi"/>
        <pin num="8" name="RB2/AN10" type="BiDi"/>
        <pin num="9" name="RB3/AN9" type="BiDi"/>
        <pin num="10" name="RB4/AN8" type="BiDi"/>
        <pin num="11" name="RB5/AN7" type="BiDi"/>
        <pin num="12" name="RB6/AN5" type="BiDi"/>
        <pin num="13" name="RB7/AN6" type="BiDi"/>
        <pin num="14" name="VDD" type="power_in"/>
        <pin num="15" name="RA6/OSC2" type="BiDi"/>
        <pin num="16" name="RA7/OSC1" type="BiDi"/>
        <pin num="17" name="RA0/AN0" type="BiDi"/>
        <pin num="18" name="RA1/AN1" type="BiDi"/>
      </pins>
    </libpart>
    <libpart lib="Payload" part="Payload">
      <fields>
        <field name="Reference">U</field>
        <field name="Value">Payload</field>
      </fields>
      <pins>
        <pin num="1" name="01-CAN-L" type="BiDi"/>
        <pin num="2" name="02" type="input"/>
        <pin num="3" name="03-CAN-H" type="BiDi"/>
        <pin num="4" name="04" type="input"/>
        <pin num="5" name="05" type="input"/>
        <pin num="6" name="06" type="input"/>
        <pin num="7" name="07" type="input"/>
        <pin num="8" name="08" type="input"/>
        <pin num="9" name="09-I2C2_SDA" type="BiDi"/>
        <pin num="10" name="10" type="input"/>
        <pin num="11" name="11-I2C2_SCL" type="input"/>
        <pin num="12" name="12" type="input"/>
        <pin num="13" name="13" type="input"/>
        <pin num="14" name="14" type="input"/>
        <pin num="15" name="15" type="input"/>
        <pin num="16" name="16" type="input"/>
        <pin num="17" name="17" type="input"/>
        <pin num="18" name="18" type="input"/>
        <pin num="19" name="19-RX" type="input"/>
        <pin num="20" name="TX-20" type="output"/>
        <pin num="21" name="21" type="input"/>
        <pin num="22" name="22" type="input"/>
        <pin num="23" name="23" type="input"/>
        <pin num="24" name="24" type="input"/>
        <pin num="25" name="25" type="input"/>
        <pin num="26" name="26" type="input"/>
        <pin num="27" name="27" type="input"/>
        <pin num="28" name="28" type="input"/>
        <pin num="29" name="29" type="input"/>
        <pin num="30" name="30" type="input"/>
        <pin num="31" name="31" type="input"/>
        <pin num="32" name="5V0_IN-32" type="input"/>
        <pin num="33" name="33" type="input"/>
        <pin num="34" name="34" type="input"/>
        <pin num="35" name="35" type="input"/>
        <pin num="36" name="36" type="input"/>
        <pin num="37" name="37" type="input"/>
        <pin num="38" name="38" type="input"/>
        <pin num="39" name="39-TXD" type="output"/>
        <pin num="40" name="RXD-40" type="input"/>
        <pin num="41" name="41-I2C-SDA" type="BiDi"/>
        <pin num="42" name="42" type="input"/>
        <pin num="43" name="43-I2C-SCL" type="input"/>
        <pin num="44" name="44" type="input"/>
        <pin num="45" name="45" type="input"/>
        <pin num="46" name="46" type="input"/>
        <pin num="47" name="47-OUT1_3V3" type="output"/>
        <pin num="48" name="OUT4_5V0-48" type="output"/>
        <pin num="49" name="49-OUT2_3V3" type="output"/>
        <pin num="50" name="OUT5_5V0-50" type="output"/>
        <pin num="51" name="51-OUT3_3V3" type="output"/>
        <pin num="52" name="OUT6_5V0-52" type="output"/>
        <pin num="53" name="01" type="output"/>
        <pin num="54" name="02" type="output"/>
        <pin num="55" name="03" type="output"/>
        <pin num="56" name="04" type="output"/>
        <pin num="57" name="05" type="output"/>
        <pin num="58" name="06" type="output"/>
        <pin num="59" name="07" type="output"/>
        <pin num="60" name="08" type="output"/>
        <pin num="61" name="09" type="output"/>
        <pin num="62" name="10" type="output"/>
        <pin num="63" name="11" type="output"/>
        <pin num="64" name="12" type="output"/>
        <pin num="65" name="13" type="output"/>
        <pin num="66" name="14" type="output"/>
        <pin num="67" name="15" type="output"/>
        <pin num="68" name="16" type="output"/>
        <pin num="69" name="17" type="output"/>
        <pin num="70" name="18" type="output"/>
        <pin num="71" name="19" type="output"/>
        <pin num="72" name="20" type="output"/>
        <pin num="73" name="21" type="output"/>
        <pin num="74" name="22" type="output"/>
        <pin num="75" name="23" type="output"/>
        <pin num="76" name="24" type="output"/>
        <pin num="77" name="25-5V0" type="output"/>
        <pin num="78" name="5V0-26" type="output"/>
        <pin num="79" name="27-3V3" type="output"/>
        <pin num="80" name="3V3-28" type="output"/>
        <pin num="81" name="29-GND" type="output"/>
        <pin num="82" name="GND-30" type="output"/>
        <pin num="83" name="31-AGND" type="output"/>
        <pin num="84" name="GND-32" type="output"/>
        <pin num="85" name="33" type="output"/>
        <pin num="86" name="34" type="output"/>
        <pin num="87" name="35-RX2" type="input"/>
        <pin num="88" name="EPS_RX-36" type="input"/>
        <pin num="89" name="37-TX2" type="output"/>
        <pin num="90" name="EPS_TX-38" type="output"/>
        <pin num="91" name="39" type="output"/>
        <pin num="92" name="40" type="output"/>
        <pin num="93" name="41" type="output"/>
        <pin num="94" name="42" type="output"/>
        <pin num="95" name="43" type="output"/>
        <pin num="96" name="44" type="output"/>
        <pin num="97" name="45-V_BAT" type="output"/>
        <pin num="98" name="V_BAT-46" type="output"/>
        <pin num="99" name="47" type="output"/>
        <pin num="100" name="48" type="output"/>
        <pin num="101" name="49" type="output"/>
        <pin num="102" name="50" type="output"/>
        <pin num="103" name="51" type="output"/>
        <pin num="104" name="52" type="output"/>
      </pins>
    </libpart>
    <libpart lib="Regulator_Linear_2" part="LP38693MP-1.8">
      <aliases>
        <alias>LP38693MP-2.5</alias>
        <alias>LP38693MP-3.3</alias>
        <alias>LP38693MP-5.0</alias>
      </aliases>
      <description>500-mA Low-Dropout CMOS Linear Regulators Stable With Ceramic Output Capacitors, 1.8V output voltage, Enable Pin, SOT-223</description>
      <docs>https://www.ti.com/lit/ds/symlink/lp38693.pdf</docs>
      <footprints>
        <fp>SOT*223*</fp>
      </footprints>
      <fields>
        <field name="Reference">U</field>
        <field name="Value">LP38693MP-1.8</field>
        <field name="Footprint">Package_TO_SOT_SMD:SOT-223-5</field>
      </fields>
      <pins>
        <pin num="1" name="EN" type="input"/>
        <pin num="2" name="NC" type="NotConnected"/>
        <pin num="3" name="OUT" type="power_out"/>
        <pin num="4" name="IN" type="power_in"/>
        <pin num="5" name="GND" type="power_in"/>
      </pins>
    </libpart>
    <libpart lib="Switch" part="SW_Push">
      <description>Push button switch, generic, two pins</description>
      <docs>~</docs>
      <fields>
        <field name="Reference">SW</field>
        <field name="Value">SW_Push</field>
      </fields>
      <pins>
        <pin num="1" name="1" type="passive"/>
        <pin num="2" name="2" type="passive"/>
      </pins>
    </libpart>
    <libpart lib="U.FL-R-SMT_01_" part="U.FL-R-SMT(01)">
      <fields>
        <field name="Reference">J</field>
        <field name="Value">U.FL-R-SMT(01)</field>
        <field name="Footprint">HRS_U.FL-R-SMT(01)</field>
        <field name="PACKAGE">None</field>
        <field name="MP">U.FL-R-SMT(01)</field>
        <field name="AVAILABILITY">Good</field>
        <field name="PRICE">0.84 USD</field>
        <field name="MF">Hirose</field>
        <field name="DESCRIPTION">U.FL Series 6 Ghz 50 Ohm Ultra-small SMT Coaxial Cable Receptacle</field>
      </fields>
      <pins>
        <pin num="1" name="SIG" type="passive"/>
        <pin num="2" name="GND" type="passive"/>
      </pins>
    </libpart>
  </libparts>
  <libraries>
    <library logical="AD7904">
      <uri>D:/MAG+ SUCHAI 2 y 3/Downloads/IC_Analog Devices_AD7904BRUZ-REEL7/eec.lib</uri>
    </library>
    <library logical="Connector">
      <uri>E:\Program Files\KiCad\share\kicad\library/Connector.lib</uri>
    </library>
    <library logical="Connector-ML">
      <uri>D:/MAG+ SUCHAI 2 y 3/Downloads/RPi_Zero_pHat_Template-master/RPi_Zero_pHat_Template-master/symbols/Connector-ML.lib</uri>
    </library>
    <library logical="Device">
      <uri>E:\Program Files\KiCad\share\kicad\library/Device.lib</uri>
    </library>
    <library logical="Isolator">
      <uri>E:\Program Files\KiCad\share\kicad\library/Isolator.lib</uri>
    </library>
    <library logical="Jumper">
      <uri>E:\Program Files\KiCad\share\kicad\library/Jumper.lib</uri>
    </library>
    <library logical="PIC16F1847-I_SO">
      <uri>D:/MAG+ SUCHAI 2 y 3/Downloads/PIC16F1847-I_SO/PIC16F1847-I_SO.lib</uri>
    </library>
    <library logical="Payload">
      <uri>D:/MAG+ SUCHAI 2 y 3/Downloads/Payload-PC104-master/Payload-PC104-master/KiCad/Payload/Payload.lib</uri>
    </library>
    <library logical="Regulator_Linear_2">
      <uri>D:/MAG+ SUCHAI 2 y 3/Downloads/Regulator_Linear/Regulator_Linear.lib</uri>
    </library>
    <library logical="Switch">
      <uri>E:\Program Files\KiCad\share\kicad\library/Switch.lib</uri>
    </library>
    <library logical="U.FL-R-SMT_01_">
      <uri>D:/MAG+ SUCHAI 2 y 3/Downloads/U.FL-R-SMT_01_/U.FL-R-SMT_01_.lib</uri>
    </library>
  </libraries>
  <nets>
    <net code="1" name="PIC_SCL">
      <node ref="R6" pin="2"/>
      <node ref="U2" pin="6"/>
      <node ref="U12" pin="10"/>
      <node ref="JP12" pin="1"/>
    </net>
    <net code="2" name="PIC_3V3J">
      <node ref="U12" pin="14"/>
      <node ref="R15" pin="1"/>
      <node ref="JP18" pin="2"/>
    </net>
    <net code="3" name="PIC_3V3">
      <node ref="R5" pin="1"/>
      <node ref="R6" pin="1"/>
      <node ref="U2" pin="8"/>
      <node ref="U16" pin="3"/>
      <node ref="C6" pin="1"/>
      <node ref="C39" pin="1"/>
      <node ref="J9" pin="2"/>
      <node ref="JP18" pin="1"/>
    </net>
    <net code="4" name="Net-(U12-Pad18)">
      <node ref="U12" pin="18"/>
    </net>
    <net code="5" name="Net-(U12-Pad17)">
      <node ref="U12" pin="17"/>
    </net>
    <net code="6" name="Net-(U12-Pad16)">
      <node ref="U12" pin="16"/>
    </net>
    <net code="7" name="Net-(U12-Pad15)">
      <node ref="U12" pin="15"/>
    </net>
    <net code="8" name="ICSPDAT">
      <node ref="U12" pin="13"/>
      <node ref="J9" pin="4"/>
    </net>
    <net code="9" name="ICSPCLK">
      <node ref="U12" pin="12"/>
      <node ref="J9" pin="5"/>
    </net>
    <net code="10" name="RPI_RX">
      <node ref="U12" pin="11"/>
      <node ref="J1" pin="10"/>
    </net>
    <net code="11" name="GND">
      <node ref="C8" pin="1"/>
      <node ref="C7" pin="1"/>
      <node ref="R10" pin="1"/>
      <node ref="U6" pin="4"/>
      <node ref="U6" pin="16"/>
      <node ref="U6" pin="13"/>
      <node ref="U9" pin="3"/>
      <node ref="U10" pin="3"/>
      <node ref="U7" pin="3"/>
      <node ref="J6" pin="6"/>
      <node ref="U8" pin="3"/>
      <node ref="U4" pin="7"/>
      <node ref="U5" pin="7"/>
      <node ref="C19" pin="2"/>
      <node ref="U5" pin="1"/>
      <node ref="R9" pin="2"/>
      <node ref="C17" pin="1"/>
      <node ref="C16" pin="1"/>
      <node ref="C34" pin="2"/>
      <node ref="J6" pin="9"/>
      <node ref="U11" pin="15"/>
      <node ref="U11" pin="2"/>
      <node ref="U11" pin="9"/>
      <node ref="C24" pin="2"/>
      <node ref="C25" pin="2"/>
      <node ref="C36" pin="2"/>
      <node ref="C37" pin="2"/>
      <node ref="U11" pin="8"/>
      <node ref="C35" pin="2"/>
      <node ref="C20" pin="2"/>
      <node ref="C22" pin="2"/>
      <node ref="C21" pin="2"/>
      <node ref="C10" pin="1"/>
      <node ref="J1" pin="20"/>
      <node ref="C29" pin="2"/>
      <node ref="C28" pin="2"/>
      <node ref="C27" pin="2"/>
      <node ref="C26" pin="2"/>
      <node ref="U2" pin="4"/>
      <node ref="U2" pin="5"/>
      <node ref="J1" pin="14"/>
      <node ref="J1" pin="25"/>
      <node ref="C9" pin="1"/>
      <node ref="J3" pin="2"/>
      <node ref="U3" pin="8"/>
      <node ref="U3" pin="2"/>
      <node ref="U3" pin="15"/>
      <node ref="J5" pin="2"/>
      <node ref="J4" pin="2"/>
      <node ref="U3" pin="9"/>
      <node ref="J2" pin="2"/>
      <node ref="R8" pin="1"/>
      <node ref="R7" pin="2"/>
      <node ref="C13" pin="1"/>
      <node ref="C12" pin="1"/>
      <node ref="U4" pin="1"/>
      <node ref="C23" pin="2"/>
      <node ref="J1" pin="30"/>
      <node ref="J1" pin="9"/>
      <node ref="J1" pin="34"/>
      <node ref="C4" pin="2"/>
      <node ref="U6" pin="8"/>
      <node ref="J1" pin="39"/>
      <node ref="C30" pin="1"/>
      <node ref="J1" pin="6"/>
      <node ref="R14" pin="2"/>
      <node ref="C38" pin="2"/>
      <node ref="C32" pin="2"/>
      <node ref="C31" pin="1"/>
      <node ref="U13" pin="5"/>
      <node ref="SW1" pin="1"/>
      <node ref="U16" pin="5"/>
      <node ref="U15" pin="5"/>
      <node ref="J8" pin="4"/>
      <node ref="J7" pin="4"/>
      <node ref="C39" pin="2"/>
      <node ref="U14" pin="5"/>
      <node ref="C1" pin="2"/>
      <node ref="C2" pin="2"/>
      <node ref="C3" pin="2"/>
      <node ref="C5" pin="2"/>
      <node ref="C6" pin="2"/>
      <node ref="C33" pin="2"/>
      <node ref="U12" pin="5"/>
      <node ref="J9" pin="3"/>
    </net>
    <net code="12" name="Net-(U12-Pad9)">
      <node ref="U12" pin="9"/>
    </net>
    <net code="13" name="RPI_TX">
      <node ref="J1" pin="8"/>
      <node ref="U12" pin="8"/>
    </net>
    <net code="14" name="PIC_SDA">
      <node ref="U2" pin="7"/>
      <node ref="U12" pin="7"/>
      <node ref="JP13" pin="1"/>
      <node ref="R5" pin="2"/>
    </net>
    <net code="15" name="Net-(U12-Pad6)">
      <node ref="U12" pin="6"/>
    </net>
    <net code="16" name="Net-(U12-Pad3)">
      <node ref="U12" pin="3"/>
    </net>
    <net code="17" name="Net-(U12-Pad2)">
      <node ref="U12" pin="2"/>
    </net>
    <net code="18" name="Net-(U12-Pad1)">
      <node ref="U12" pin="1"/>
    </net>
    <net code="19" name="MCLR">
      <node ref="SW1" pin="2"/>
      <node ref="U12" pin="4"/>
      <node ref="R15" pin="2"/>
      <node ref="J9" pin="1"/>
      <node ref="C31" pin="2"/>
    </net>
    <net code="20" name="CSP_SCL">
      <node ref="U2" pin="3"/>
      <node ref="R4" pin="2"/>
      <node ref="U1" pin="43"/>
    </net>
    <net code="21" name="SAT_3V3">
      <node ref="U2" pin="1"/>
      <node ref="C5" pin="1"/>
      <node ref="U1" pin="80"/>
      <node ref="R3" pin="1"/>
      <node ref="U1" pin="79"/>
      <node ref="R4" pin="1"/>
    </net>
    <net code="22" name="CSP_SDA">
      <node ref="U2" pin="2"/>
      <node ref="U1" pin="41"/>
      <node ref="R3" pin="2"/>
    </net>
    <net code="23" name="RPI_3V3">
      <node ref="C25" pin="1"/>
      <node ref="U11" pin="1"/>
      <node ref="R1" pin="1"/>
      <node ref="J1" pin="1"/>
      <node ref="C23" pin="1"/>
      <node ref="U3" pin="1"/>
      <node ref="C3" pin="1"/>
      <node ref="U11" pin="7"/>
      <node ref="U3" pin="7"/>
      <node ref="R2" pin="1"/>
      <node ref="J1" pin="17"/>
    </net>
    <net code="24" name="VIN">
      <node ref="C1" pin="1"/>
      <node ref="JP4" pin="2"/>
      <node ref="J1" pin="2"/>
      <node ref="U15" pin="4"/>
      <node ref="U16" pin="4"/>
      <node ref="U13" pin="4"/>
      <node ref="C32" pin="1"/>
      <node ref="C38" pin="1"/>
      <node ref="U14" pin="4"/>
      <node ref="C2" pin="1"/>
      <node ref="C34" pin="1"/>
      <node ref="J1" pin="4"/>
      <node ref="C36" pin="1"/>
    </net>
    <net code="25" name="FOD_3V3">
      <node ref="C35" pin="1"/>
      <node ref="J6" pin="10"/>
      <node ref="U11" pin="10"/>
      <node ref="C24" pin="1"/>
      <node ref="U14" pin="3"/>
      <node ref="U11" pin="16"/>
    </net>
    <net code="26" name="Net-(U14-Pad2)">
      <node ref="U14" pin="2"/>
    </net>
    <net code="27" name="FOD_EN">
      <node ref="U14" pin="1"/>
      <node ref="J1" pin="13"/>
    </net>
    <net code="28" name="MAG_EN">
      <node ref="J1" pin="15"/>
      <node ref="U13" pin="1"/>
    </net>
    <net code="29" name="AOA_5V">
      <node ref="R11" pin="1"/>
      <node ref="C37" pin="1"/>
      <node ref="C9" pin="2"/>
      <node ref="U3" pin="10"/>
      <node ref="U6" pin="6"/>
      <node ref="U6" pin="5"/>
      <node ref="U3" pin="16"/>
      <node ref="R12" pin="2"/>
      <node ref="C27" pin="1"/>
      <node ref="U15" pin="3"/>
      <node ref="C26" pin="1"/>
      <node ref="C4" pin="1"/>
      <node ref="C7" pin="2"/>
      <node ref="R13" pin="1"/>
    </net>
    <net code="30" name="Net-(U1-Pad1)">
      <node ref="U1" pin="1"/>
    </net>
    <net code="31" name="Net-(U15-Pad2)">
      <node ref="U15" pin="2"/>
    </net>
    <net code="32" name="AOA_EN">
      <node ref="J1" pin="37"/>
      <node ref="U15" pin="1"/>
    </net>
    <net code="33" name="Net-(U16-Pad2)">
      <node ref="U16" pin="2"/>
    </net>
    <net code="34" name="PIC_EN">
      <node ref="J1" pin="16"/>
      <node ref="U16" pin="1"/>
    </net>
    <net code="35" name="MAG_3V3">
      <node ref="J7" pin="1"/>
      <node ref="J8" pin="1"/>
      <node ref="C33" pin="1"/>
      <node ref="U13" pin="3"/>
    </net>
    <net code="36" name="Net-(U13-Pad2)">
      <node ref="U13" pin="2"/>
    </net>
    <net code="37" name="Net-(J9-Pad6)">
      <node ref="J9" pin="6"/>
    </net>
    <net code="38" name="Net-(U1-Pad10)">
      <node ref="U1" pin="10"/>
    </net>
    <net code="39" name="Net-(U1-Pad63)">
      <node ref="U1" pin="63"/>
    </net>
    <net code="40" name="Net-(U1-Pad74)">
      <node ref="U1" pin="74"/>
    </net>
    <net code="41" name="Net-(U1-Pad73)">
      <node ref="U1" pin="73"/>
    </net>
    <net code="42" name="Net-(U1-Pad72)">
      <node ref="U1" pin="72"/>
    </net>
    <net code="43" name="Net-(U1-Pad71)">
      <node ref="U1" pin="71"/>
    </net>
    <net code="44" name="Net-(U1-Pad70)">
      <node ref="U1" pin="70"/>
    </net>
    <net code="45" name="Net-(U1-Pad7)">
      <node ref="U1" pin="7"/>
    </net>
    <net code="46" name="Net-(U1-Pad69)">
      <node ref="U1" pin="69"/>
    </net>
    <net code="47" name="Net-(U1-Pad68)">
      <node ref="U1" pin="68"/>
    </net>
    <net code="48" name="Net-(U1-Pad67)">
      <node ref="U1" pin="67"/>
    </net>
    <net code="49" name="Net-(U1-Pad66)">
      <node ref="U1" pin="66"/>
    </net>
    <net code="50" name="Net-(U1-Pad65)">
      <node ref="U1" pin="65"/>
    </net>
    <net code="51" name="Net-(U1-Pad64)">
      <node ref="U1" pin="64"/>
    </net>
    <net code="52" name="Net-(U1-Pad75)">
      <node ref="U1" pin="75"/>
    </net>
    <net code="53" name="Net-(U1-Pad62)">
      <node ref="U1" pin="62"/>
    </net>
    <net code="54" name="Net-(U1-Pad61)">
      <node ref="U1" pin="61"/>
    </net>
    <net code="55" name="Net-(U1-Pad60)">
      <node ref="U1" pin="60"/>
    </net>
    <net code="56" name="Net-(U1-Pad6)">
      <node ref="U1" pin="6"/>
    </net>
    <net code="57" name="Net-(U1-Pad59)">
      <node ref="U1" pin="59"/>
    </net>
    <net code="58" name="Net-(U1-Pad58)">
      <node ref="U1" pin="58"/>
    </net>
    <net code="59" name="Net-(U1-Pad57)">
      <node ref="U1" pin="57"/>
    </net>
    <net code="60" name="Net-(U1-Pad56)">
      <node ref="U1" pin="56"/>
    </net>
    <net code="61" name="Net-(U1-Pad55)">
      <node ref="U1" pin="55"/>
    </net>
    <net code="62" name="Net-(U1-Pad54)">
      <node ref="U1" pin="54"/>
    </net>
    <net code="63" name="Net-(U1-Pad53)">
      <node ref="U1" pin="53"/>
    </net>
    <net code="64" name="OUT6_5V0">
      <node ref="JP7" pin="1"/>
      <node ref="U1" pin="52"/>
    </net>
    <net code="65" name="Net-(U1-Pad86)">
      <node ref="U1" pin="86"/>
    </net>
    <net code="66" name="Net-(U1-Pad97)">
      <node ref="U1" pin="97"/>
    </net>
    <net code="67" name="Net-(U1-Pad96)">
      <node ref="U1" pin="96"/>
    </net>
    <net code="68" name="Net-(U1-Pad95)">
      <node ref="U1" pin="95"/>
    </net>
    <net code="69" name="Net-(U1-Pad94)">
      <node ref="U1" pin="94"/>
    </net>
    <net code="70" name="Net-(U1-Pad93)">
      <node ref="U1" pin="93"/>
    </net>
    <net code="71" name="Net-(U1-Pad92)">
      <node ref="U1" pin="92"/>
    </net>
    <net code="72" name="Net-(U1-Pad91)">
      <node ref="U1" pin="91"/>
    </net>
    <net code="73" name="Net-(U1-Pad90)">
      <node ref="U1" pin="90"/>
    </net>
    <net code="74" name="Net-(U1-Pad9)">
      <node ref="U1" pin="9"/>
    </net>
    <net code="75" name="Net-(U1-Pad89)">
      <node ref="U1" pin="89"/>
    </net>
    <net code="76" name="Net-(U1-Pad88)">
      <node ref="U1" pin="88"/>
    </net>
    <net code="77" name="Net-(U1-Pad87)">
      <node ref="U1" pin="87"/>
    </net>
    <net code="78" name="Net-(U1-Pad85)">
      <node ref="U1" pin="85"/>
    </net>
    <net code="79" name="Net-(U1-Pad84)">
      <node ref="U1" pin="84"/>
    </net>
    <net code="80" name="Net-(U1-Pad83)">
      <node ref="U1" pin="83"/>
    </net>
    <net code="81" name="Net-(U1-Pad82)">
      <node ref="U1" pin="82"/>
    </net>
    <net code="82" name="Net-(U1-Pad81)">
      <node ref="U1" pin="81"/>
    </net>
    <net code="83" name="Net-(U1-Pad8)">
      <node ref="U1" pin="8"/>
    </net>
    <net code="84" name="Net-(U1-Pad78)">
      <node ref="U1" pin="78"/>
    </net>
    <net code="85" name="Net-(U1-Pad77)">
      <node ref="U1" pin="77"/>
    </net>
    <net code="86" name="Net-(U1-Pad76)">
      <node ref="U1" pin="76"/>
    </net>
    <net code="87" name="Net-(U1-Pad17)">
      <node ref="U1" pin="17"/>
    </net>
    <net code="88" name="Net-(U1-Pad28)">
      <node ref="U1" pin="28"/>
    </net>
    <net code="89" name="Net-(U1-Pad27)">
      <node ref="U1" pin="27"/>
    </net>
    <net code="90" name="Net-(U1-Pad26)">
      <node ref="U1" pin="26"/>
    </net>
    <net code="91" name="Net-(U1-Pad25)">
      <node ref="U1" pin="25"/>
    </net>
    <net code="92" name="Net-(U1-Pad24)">
      <node ref="U1" pin="24"/>
    </net>
    <net code="93" name="Net-(U1-Pad23)">
      <node ref="U1" pin="23"/>
    </net>
    <net code="94" name="Net-(U1-Pad22)">
      <node ref="U1" pin="22"/>
    </net>
    <net code="95" name="Net-(U1-Pad21)">
      <node ref="U1" pin="21"/>
    </net>
    <net code="96" name="Net-(U1-Pad20)">
      <node ref="U1" pin="20"/>
    </net>
    <net code="97" name="Net-(U1-Pad2)">
      <node ref="U1" pin="2"/>
    </net>
    <net code="98" name="Net-(U1-Pad19)">
      <node ref="U1" pin="19"/>
    </net>
    <net code="99" name="Net-(U1-Pad18)">
      <node ref="U1" pin="18"/>
    </net>
    <net code="100" name="Net-(U1-Pad29)">
      <node ref="U1" pin="29"/>
    </net>
    <net code="101" name="Net-(U1-Pad16)">
      <node ref="U1" pin="16"/>
    </net>
    <net code="102" name="Net-(U1-Pad15)">
      <node ref="U1" pin="15"/>
    </net>
    <net code="103" name="Net-(U1-Pad14)">
      <node ref="U1" pin="14"/>
    </net>
    <net code="104" name="Net-(U1-Pad13)">
      <node ref="U1" pin="13"/>
    </net>
    <net code="105" name="Net-(U1-Pad12)">
      <node ref="U1" pin="12"/>
    </net>
    <net code="106" name="Net-(U1-Pad11)">
      <node ref="U1" pin="11"/>
    </net>
    <net code="107" name="Net-(U1-Pad104)">
      <node ref="U1" pin="104"/>
    </net>
    <net code="108" name="Net-(U1-Pad103)">
      <node ref="U1" pin="103"/>
    </net>
    <net code="109" name="Net-(U1-Pad102)">
      <node ref="U1" pin="102"/>
    </net>
    <net code="110" name="Net-(U1-Pad101)">
      <node ref="U1" pin="101"/>
    </net>
    <net code="111" name="Net-(U1-Pad100)">
      <node ref="U1" pin="100"/>
    </net>
    <net code="112" name="Net-(U1-Pad4)">
      <node ref="U1" pin="4"/>
    </net>
    <net code="113" name="Net-(U1-Pad5)">
      <node ref="U1" pin="5"/>
    </net>
    <net code="114" name="Net-(U1-Pad46)">
      <node ref="U1" pin="46"/>
    </net>
    <net code="115" name="Net-(U1-Pad45)">
      <node ref="U1" pin="45"/>
    </net>
    <net code="116" name="Net-(U1-Pad44)">
      <node ref="U1" pin="44"/>
    </net>
    <net code="117" name="Net-(U1-Pad42)">
      <node ref="U1" pin="42"/>
    </net>
    <net code="118" name="Net-(U1-Pad40)">
      <node ref="U1" pin="40"/>
    </net>
    <net code="119" name="Net-(U1-Pad39)">
      <node ref="U1" pin="39"/>
    </net>
    <net code="120" name="Net-(U1-Pad38)">
      <node ref="U1" pin="38"/>
    </net>
    <net code="121" name="Net-(U1-Pad37)">
      <node ref="U1" pin="37"/>
    </net>
    <net code="122" name="Net-(U1-Pad36)">
      <node ref="U1" pin="36"/>
    </net>
    <net code="123" name="Net-(U1-Pad35)">
      <node ref="U1" pin="35"/>
    </net>
    <net code="124" name="Net-(U1-Pad34)">
      <node ref="U1" pin="34"/>
    </net>
    <net code="125" name="Net-(U1-Pad33)">
      <node ref="U1" pin="33"/>
    </net>
    <net code="126" name="Net-(U1-Pad32)">
      <node ref="U1" pin="32"/>
    </net>
    <net code="127" name="Net-(U1-Pad31)">
      <node ref="U1" pin="31"/>
    </net>
    <net code="128" name="Net-(U1-Pad30)">
      <node ref="U1" pin="30"/>
    </net>
    <net code="129" name="Net-(U1-Pad3)">
      <node ref="U1" pin="3"/>
    </net>
    <net code="130" name="Net-(J1-Pad33)">
      <node ref="J1" pin="33"/>
    </net>
    <net code="131" name="Net-(J1-Pad7)">
      <node ref="J1" pin="7"/>
    </net>
    <net code="132" name="CLK1">
      <node ref="J1" pin="40"/>
      <node ref="JP10" pin="2"/>
    </net>
    <net code="133" name="MOSI1">
      <node ref="JP8" pin="2"/>
      <node ref="J1" pin="38"/>
    </net>
    <net code="134" name="SS10">
      <node ref="JP11" pin="2"/>
      <node ref="J1" pin="36"/>
    </net>
    <net code="135" name="MISO1">
      <node ref="JP9" pin="2"/>
      <node ref="J1" pin="35"/>
    </net>
    <net code="136" name="Net-(J1-Pad32)">
      <node ref="J1" pin="32"/>
    </net>
    <net code="137" name="Net-(J1-Pad31)">
      <node ref="J1" pin="31"/>
    </net>
    <net code="138" name="Net-(J1-Pad29)">
      <node ref="J1" pin="29"/>
    </net>
    <net code="139" name="Net-(J1-Pad28)">
      <node ref="J1" pin="28"/>
    </net>
    <net code="140" name="Net-(J1-Pad27)">
      <node ref="J1" pin="27"/>
    </net>
    <net code="141" name="Net-(J1-Pad26)">
      <node ref="J1" pin="26"/>
    </net>
    <net code="142" name="SS00">
      <node ref="JP17" pin="2"/>
      <node ref="J1" pin="24"/>
    </net>
    <net code="143" name="CLK0">
      <node ref="JP16" pin="2"/>
      <node ref="J1" pin="23"/>
    </net>
    <net code="144" name="Net-(J1-Pad22)">
      <node ref="J1" pin="22"/>
    </net>
    <net code="145" name="Net-(U1-Pad98)">
      <node ref="U1" pin="98"/>
    </net>
    <net code="146" name="Net-(U1-Pad99)">
      <node ref="U1" pin="99"/>
    </net>
    <net code="147" name="RPI_SCL">
      <node ref="J1" pin="5"/>
      <node ref="R2" pin="2"/>
      <node ref="J7" pin="2"/>
      <node ref="J8" pin="2"/>
    </net>
    <net code="148" name="RPI_SDA">
      <node ref="J7" pin="3"/>
      <node ref="J1" pin="3"/>
      <node ref="J8" pin="3"/>
      <node ref="R1" pin="2"/>
    </net>
    <net code="149" name="OUT4_5V0">
      <node ref="JP5" pin="1"/>
      <node ref="U1" pin="48"/>
    </net>
    <net code="150" name="5VIN">
      <node ref="JP4" pin="3"/>
      <node ref="JP7" pin="2"/>
      <node ref="JP5" pin="2"/>
      <node ref="JP6" pin="2"/>
    </net>
    <net code="151" name="OUT5_5V0">
      <node ref="U1" pin="50"/>
      <node ref="JP6" pin="1"/>
    </net>
    <net code="152" name="OUT1_3V3">
      <node ref="JP1" pin="1"/>
      <node ref="U1" pin="47"/>
    </net>
    <net code="153" name="OUT2_3V3">
      <node ref="JP2" pin="1"/>
      <node ref="U1" pin="49"/>
    </net>
    <net code="154" name="3V3IN">
      <node ref="JP1" pin="2"/>
      <node ref="JP2" pin="2"/>
      <node ref="JP3" pin="2"/>
      <node ref="JP4" pin="1"/>
    </net>
    <net code="155" name="OUT3_3V3">
      <node ref="U1" pin="51"/>
      <node ref="JP3" pin="1"/>
    </net>
    <net code="156" name="MISO0">
      <node ref="JP15" pin="2"/>
      <node ref="J1" pin="21"/>
    </net>
    <net code="157" name="MOSI0">
      <node ref="J1" pin="19"/>
      <node ref="JP14" pin="2"/>
    </net>
    <net code="158" name="Net-(J1-Pad18)">
      <node ref="J1" pin="18"/>
    </net>
    <net code="159" name="Net-(J1-Pad12)">
      <node ref="J1" pin="12"/>
    </net>
    <net code="160" name="Net-(J1-Pad11)">
      <node ref="J1" pin="11"/>
    </net>
    <net code="161" name="Net-(U5-Pad11)">
      <node ref="U5" pin="11"/>
    </net>
    <net code="162" name="iaRPI_MISO">
      <node ref="U3" pin="6"/>
      <node ref="JP9" pin="1"/>
    </net>
    <net code="163" name="Net-(C22-Pad1)">
      <node ref="C22" pin="1"/>
      <node ref="U5" pin="8"/>
    </net>
    <net code="164" name="Net-(C21-Pad1)">
      <node ref="C21" pin="1"/>
      <node ref="U5" pin="14"/>
    </net>
    <net code="165" name="Net-(C10-Pad2)">
      <node ref="C10" pin="2"/>
      <node ref="U5" pin="4"/>
      <node ref="R13" pin="2"/>
    </net>
    <net code="166" name="Net-(C19-Pad1)">
      <node ref="U4" pin="14"/>
      <node ref="C19" pin="1"/>
    </net>
    <net code="167" name="AOA_3V3">
      <node ref="C28" pin="1"/>
      <node ref="C29" pin="1"/>
      <node ref="U6" pin="15"/>
    </net>
    <net code="168" name="Net-(C30-Pad2)">
      <node ref="C30" pin="2"/>
      <node ref="U6" pin="7"/>
      <node ref="R12" pin="1"/>
      <node ref="R14" pin="1"/>
    </net>
    <net code="169" name="AOA_SS">
      <node ref="JP11" pin="3"/>
      <node ref="U3" pin="14"/>
      <node ref="U6" pin="3"/>
    </net>
    <net code="170" name="iaRPI_SS0">
      <node ref="JP11" pin="1"/>
      <node ref="U3" pin="3"/>
    </net>
    <net code="171" name="AOA_MOSI">
      <node ref="U6" pin="2"/>
      <node ref="U3" pin="13"/>
      <node ref="JP8" pin="3"/>
    </net>
    <net code="172" name="iaRPI_MOSI">
      <node ref="U3" pin="4"/>
      <node ref="JP8" pin="1"/>
    </net>
    <net code="173" name="AOA_CLK">
      <node ref="U6" pin="1"/>
      <node ref="JP10" pin="3"/>
      <node ref="U3" pin="12"/>
    </net>
    <net code="174" name="iaRPI_CLK">
      <node ref="U3" pin="5"/>
      <node ref="JP10" pin="1"/>
    </net>
    <net code="175" name="AOA_MISO">
      <node ref="JP9" pin="3"/>
      <node ref="U3" pin="11"/>
      <node ref="U6" pin="14"/>
    </net>
    <net code="176" name="Net-(C12-Pad2)">
      <node ref="U4" pin="3"/>
      <node ref="C12" pin="2"/>
    </net>
    <net code="177" name="Net-(C11-Pad2)">
      <node ref="U4" pin="2"/>
      <node ref="C11" pin="2"/>
    </net>
    <net code="178" name="Net-(C13-Pad2)">
      <node ref="C13" pin="2"/>
      <node ref="U4" pin="5"/>
    </net>
    <net code="179" name="ANT4_IN">
      <node ref="U9" pin="1"/>
      <node ref="J5" pin="1"/>
    </net>
    <net code="180" name="ANT2_IN">
      <node ref="U10" pin="1"/>
      <node ref="J3" pin="1"/>
    </net>
    <net code="181" name="Net-(C14-Pad2)">
      <node ref="U4" pin="6"/>
      <node ref="C14" pin="2"/>
    </net>
    <net code="182" name="Net-(U4-Pad11)">
      <node ref="U4" pin="11"/>
    </net>
    <net code="183" name="VMAG2">
      <node ref="U5" pin="13"/>
      <node ref="TP3" pin="1"/>
      <node ref="U5" pin="12"/>
      <node ref="U6" pin="12"/>
    </net>
    <net code="184" name="VPHS2">
      <node ref="U5" pin="9"/>
      <node ref="TP4" pin="1"/>
      <node ref="U5" pin="10"/>
      <node ref="U6" pin="11"/>
    </net>
    <net code="185" name="ANT3_OUT">
      <node ref="U8" pin="2"/>
      <node ref="C15" pin="1"/>
      <node ref="R9" pin="1"/>
    </net>
    <net code="186" name="ANT4_OUT">
      <node ref="C18" pin="1"/>
      <node ref="R10" pin="2"/>
      <node ref="U9" pin="2"/>
    </net>
    <net code="187" name="ANT2_OUT">
      <node ref="U10" pin="2"/>
      <node ref="R8" pin="2"/>
      <node ref="C14" pin="1"/>
    </net>
    <net code="188" name="ANT1_IN">
      <node ref="U7" pin="1"/>
      <node ref="J2" pin="1"/>
    </net>
    <net code="189" name="ANT3_IN">
      <node ref="J4" pin="1"/>
      <node ref="U8" pin="1"/>
    </net>
    <net code="190" name="Net-(C20-Pad1)">
      <node ref="U4" pin="8"/>
      <node ref="C20" pin="1"/>
    </net>
    <net code="191" name="Net-(C8-Pad2)">
      <node ref="C8" pin="2"/>
      <node ref="U4" pin="4"/>
      <node ref="R11" pin="2"/>
    </net>
    <net code="192" name="VPHS1">
      <node ref="U4" pin="9"/>
      <node ref="TP2" pin="1"/>
      <node ref="U4" pin="10"/>
      <node ref="U6" pin="9"/>
    </net>
    <net code="193" name="VMAG1">
      <node ref="U6" pin="10"/>
      <node ref="U4" pin="13"/>
      <node ref="TP1" pin="1"/>
      <node ref="U4" pin="12"/>
    </net>
    <net code="194" name="Net-(C16-Pad2)">
      <node ref="C16" pin="2"/>
      <node ref="U5" pin="3"/>
    </net>
    <net code="195" name="Net-(C18-Pad2)">
      <node ref="U5" pin="6"/>
      <node ref="C18" pin="2"/>
    </net>
    <net code="196" name="Net-(C15-Pad2)">
      <node ref="C15" pin="2"/>
      <node ref="U5" pin="2"/>
    </net>
    <net code="197" name="Net-(C17-Pad2)">
      <node ref="C17" pin="2"/>
      <node ref="U5" pin="5"/>
    </net>
    <net code="198" name="ANT1_OUT">
      <node ref="R7" pin="1"/>
      <node ref="U7" pin="2"/>
      <node ref="C11" pin="1"/>
    </net>
    <net code="199" name="FOD_MISO">
      <node ref="JP15" pin="3"/>
      <node ref="J6" pin="3"/>
      <node ref="U11" pin="11"/>
    </net>
    <net code="200" name="FOD_CS">
      <node ref="J6" pin="2"/>
      <node ref="U11" pin="12"/>
      <node ref="JP17" pin="3"/>
    </net>
    <net code="201" name="ifRPI_MISO">
      <node ref="U11" pin="6"/>
      <node ref="JP15" pin="1"/>
    </net>
    <net code="202" name="ifRPI_SS0">
      <node ref="U11" pin="5"/>
      <node ref="JP17" pin="1"/>
    </net>
    <net code="203" name="ifRPI_CLK">
      <node ref="JP16" pin="1"/>
      <node ref="U11" pin="4"/>
    </net>
    <net code="204" name="ifRPI_MOSI">
      <node ref="U11" pin="3"/>
      <node ref="JP14" pin="1"/>
    </net>
    <net code="205" name="FOD_MOSI">
      <node ref="JP14" pin="3"/>
      <node ref="J6" pin="5"/>
      <node ref="U11" pin="14"/>
    </net>
    <net code="206" name="FOD_SCK">
      <node ref="U11" pin="13"/>
      <node ref="JP16" pin="3"/>
      <node ref="J6" pin="4"/>
    </net>
    <net code="207" name="FOD_DPL">
      <node ref="J6" pin="8"/>
    </net>
    <net code="208" name="FOD_VAUX">
      <node ref="J6" pin="7"/>
    </net>
    <net code="209" name="FOD_SDA">
      <node ref="JP13" pin="2"/>
      <node ref="J6" pin="12"/>
    </net>
    <net code="210" name="FOD_SCL">
      <node ref="J6" pin="11"/>
      <node ref="JP12" pin="2"/>
    </net>
    <net code="211" name="FOD_CC">
      <node ref="J6" pin="1"/>
    </net>
  </nets>
</export>
